representative	member
P57772	P57772
P61201	P61201
P61457	P61457
P61457	Q9H0N5
P61758	P61758
P78347	P78347
P98177	P98177
P98177	Q12778
Q00597	Q00597
Q03060	Q03060
Q08050	Q08050
Q13516	Q13516
Q14151	Q14151
Q15025	Q15025
Q15365	Q15365
Q15365	Q15366
Q15475	Q15475
Q16520	Q16520
Q53F19	Q53F19
Q5H9I0	Q5H9I0
Q5H9I0	Q14186
Q5JPI9	Q5JPI9
Q5VY09	Q5VY09
Q6GQQ9	Q6GQQ9
Q6GQQ9	Q8TE49
Q6P1R4	Q6P1R4
Q6ZSB9	Q6ZSB9
Q7LG56	Q7LG56
Q7LG56	P31350
Q7Z5H3	Q7Z5H3
Q7Z7C8	Q7Z7C8
Q86WP2	Q86WP2
Q86X51	Q86X51
Q86XA0	Q86XA0
Q86XN8	Q86XN8
Q86XN8	Q5U5Q3
Q8IV63	Q8IV63
Q8IXW5	Q8IXW5
Q8N543	Q8N543
Q8NCF5	Q8NCF5
Q8WYA6	Q8WYA6
Q92551	Q92551
Q92782	Q92782
Q92782	Q92785
Q969Q6	Q969Q6
Q969T9	Q969T9
Q96BT7	Q96BT7
Q96E09	Q96E09
Q96EL1	Q96EL1
Q96F44	Q96F44
Q96F44	Q12899
Q96F44	Q8WV44
Q96F44	Q9C035
Q96F44	Q9UPQ4
Q96F44	Q9C029
Q96I76	Q96I76
Q96JY0	Q96JY0
Q96JZ2	Q96JZ2
Q96Q83	Q96Q83
Q99627	Q99627
Q99741	Q99741
Q9BPY8	Q9BPY8
Q9BTD8	Q9BTD8
Q9BV68	Q9BV68
Q9BWV3	Q9BWV3
Q9BX46	Q9BX46
Q9BZC1	Q9BZC1
Q9BZC1	Q8N6W0
Q9BZC1	Q96J87
Q9BZC1	Q5SZQ8
Q9BZC1	Q92879
Q9BZC1	O95319
Q9GZR7	Q9GZR7
Q9H008	Q9H008
Q9H171	Q9H171
Q9H2F5	Q9H2F5
Q9H3M7	Q9H3M7
Q9H467	Q9H467
Q9H6Z9	Q9H6Z9
Q9H6Z9	Q9GZT9
Q9H8E8	Q9H8E8
Q9H8X2	Q9H8X2
Q9H9Q2	Q9H9Q2
Q9H9Q2	Q9UBW8
Q9NP77	Q9NP77
Q9NQU5	Q9NQU5
Q9NQU5	Q9P286
Q9NW64	Q9NW64
Q9NYL2	Q9NYL2
Q9NZU5	Q9NZU5
Q9P0U3	Q9P0U3
Q9UBQ5	Q9UBQ5
B0B815	B0B815
P37735	P37735
P81040	P81040
P94127	P94127
P94127	Q51705
Q05884	Q05884
Q06529	Q06529
Q06988	Q06988
Q55025	Q55025
Q588Z2	Q588Z2
Q59544	Q59544
Q59544	Q540U1
Q59544	P0AE22
Q99003	Q99003
Q9X9Z2	Q9X9Z2
Q9X9Z2	Q9KYG7
Q9X9Z2	Q9AD92
Q9X9Z2	Q9KYH3
Q9X9Z2	Q9L1J9
P0ABE7	P0ABE7
P12374	P12374
P12993	P12993
P12993	P0A0L2
P12993	P01553
P12993	P34071
P12993	P01552
P13720	P13720
P22222	P22222
P38540	P38540
P43478	P43478
P50401	P50401
P81594	P81594
Q01269	Q01269
Q07792	Q07792
Q07792	P0ADA1
Q2FZL3	Q2FZL3
Q46971	Q46971
Q46971	Q9Z4N4
Q59289	Q59289
Q69GM4	Q69GM4
Q69GM4	Q3ZAB8
Q8KIL1	Q8KIL1
Q8KIL1	P15877
Q99PX1	Q99PX1
Q9F1L5	Q9F1L5
Q9F437	Q9F437
Q9S3R8	Q9S3R8
Q9S3R8	Q9S3R9
Q9XDP2	Q9XDP2
A0A291P0C1	A0A291P0C1
B7J3C9	B7J3C9
K4PZA7	K4PZA7
P07603	P07603
P0DXF3	P0DXF3
P0DXF6	P0DXF6
P15279	P15279
P15279	P12293
P15279	P16027
P15279	C5B120
P15279	Q8GR64
P15279	P18278
P15279	O05542
P15279	Q9AF95
P15279	Q46444
P15279	Q4W6G0
P15279	Q9Z4J7
P15698	P15698
P22751	P22751
P37699	P37699
P49250	P49250
P49250	P46883
P49250	P80695
P50500	P50500
P82593	P82593
Q02834	Q02834
Q02834	Q99519
Q05JY7	Q05JY7
Q05JY7	Q0JRK4
Q06530	Q06530
Q07982	Q07982
Q9I2C5	Q9I2C5
A0A160PB22	A0A160PB22
A5F7A4	A5F7A4
O34214	O34214
O85465	O85465
O85465	P10475
O85465	P27035
O85465	P22541
P00149	P00149
P00149	P00148
P00149	P00150
P00149	P00154
P9WQK7	P9WQK7
P9WQK7	P0A698
Q1QYW1	Q1QYW1
Q2FDS6	Q2FDS6
Q31Q05	Q31Q05
Q3KSV5	Q3KSV5
Q3KSV5	P29495
Q3KSV5	G4STG9
Q49422	Q49422
Q49422	P39792
Q59128	Q59128
Q7A649	Q7A649
Q7A649	Q8NX62
Q7A649	Q7A827
Q81WK7	Q81WK7
Q81WK7	P39779
Q8KY51	Q8KY51
Q8PDX2	Q8PDX2
Q93K96	Q93K96
Q93NH4	Q93NH4
Q9AGJ6	Q9AGJ6
Q9HTK9	Q9HTK9
Q9HUF7	Q9HUF7
Q9HWF9	Q9HWF9
Q9HWF9	P9WPQ9
Q9HWF9	Q9HY79
Q9I6V6	Q9I6V6
Q9WYC5	Q9WYC5
Q9WYC5	P70826
Q9WYC5	O83553
Q9X2A4	Q9X2A4
Q9X2A4	P0A6C8
Q9X2A4	O50147
A0QUE0	A0QUE0
A0QUE0	B1MDE5
B1MH83	B1MH83
B1MH83	P9WGK1
B1MH83	P9WGK3
E0X9C7	E0X9C7
G3KIM8	G3KIM8
I0AIT9	I0AIT9
O52063	O52063
O53830	O53830
O53830	Q05943
O67082	O67082
P07800	P07800
P07800	P0A9H9
P0A6B9	P0A6B9
P0A6B9	P0A6B7
P0A6B9	P77444
P0DJQ5	P0DJQ5
P0DJQ5	Q9Z4S1
P0DY11	P0DY11
P21310	P21310
P21310	Q3M5Z3
P21310	B2J528
P24559	P24559
P24559	G3XCX3
P40873	P40873
P40873	P40859
P45131	P45131
P45131	D2Z028
P54226	P54226
P54226	E3VWI2
P54226	P9WN83
P54226	P0A9B6
P54226	P17721
P54226	P75358
P54226	P80506
P54226	P0A9B2
P54226	O34425
P54226	P0A038
P54226	Q6GIL8
P54226	P00362
P54226	P09124
P54226	P80505
P54292	P54292
P63411	P63411
P63411	P0A6A3
P75430	P75430
P80046	P80046
P9WGI9	P9WGI9
P9WGI9	P0A825
P9WGI9	P9WGI7
P9WGI9	D3DKC4
P9WGI9	P34896
P9WGL5	P9WGL5
P9WGV3	P9WGV3
P9WHJ3	P9WHJ3
P9WHN7	P9WHN7
P9WHN7	P0A7D1
P9WP49	P9WP49
P9WQ55	P9WQ55
Q9NXH9	Q9NXH9
P51617	P51617
Q96CA5	Q96CA5
Q9UNS2	Q9UNS2
O15117	O15117
Q14974	Q14974
Q7Z624	Q7Z624
Q9UM07	Q9UM07
Q9Y5L0	Q9Y5L0
A0A2R8Y7D0	A0A2R8Y7D0
P62633	P62633
Q8WUX9	Q8WUX9
Q9BV20	Q9BV20
P16333	P16333
P39687	P39687
P39687	Q9BTT0
P39687	Q92688
Q9BV47	Q9BV47
Q9BV47	Q68J44
Q9BV47	Q8WUJ0
Q9NUQ7	Q9NUQ7
O15297	O15297
O60678	O60678
O60678	Q86X55
O60921	O60921
O75618	O75618
O94762	O94762
P11441	P11441
P14678	P14678
P15880	P15880
P22674	P22674
P31948	P31948
P39019	P39019
P39023	P39023
P46783	P46783
P55263	P55263
P61247	P61247
P62277	P62277
P62280	P62280
P62304	P62304
P62314	P62314
Q13601	Q13601
Q14978	Q14978
Q15024	Q15024
Q15646	Q15646
Q496M5	Q496M5
Q69383	Q69383
Q8IXP5	Q8IXP5
Q8N488	Q8N488
Q8N4J0	Q8N4J0
Q8WUQ7	Q8WUQ7
Q93088	Q93088
Q96B26	Q96B26
Q96FQ6	Q96FQ6
Q96PK6	Q96PK6
Q99615	Q99615
Q9BVJ7	Q9BVJ7
Q9C0C6	Q9C0C6
Q9NVP2	Q9NVP2
Q9UKD2	Q9UKD2
Q9Y3C4	Q9Y3C4
A6NNY8	A6NNY8
A6NNY8	Q9UPT9
A6NNY8	Q9Y6I4
A6NNY8	Q9UK80
A6NNY8	Q6QN14
O00231	O00231
O15516	O15516
O95801	O95801
P25398	P25398
P42677	P42677
P52945	P52945
P52945	Q8N693
P62249	P62249
P62753	P62753
P62847	P62847
Q12905	Q12905
Q12906	Q12906
Q13155	Q13155
Q5F1R6	Q5F1R6
Q7Z3H0	Q7Z3H0
Q86TI2	Q86TI2
Q8IYM2	Q8IYM2
Q8TE77	Q8TE77
Q92890	Q92890
Q96GC6	Q96GC6
Q96GC6	Q8NA42
Q96GC6	Q9BRR0
Q96GC6	Q8NDQ6
Q9H871	Q9H871
Q9NXV2	Q9NXV2
Q9UQ80	Q9UQ80
A4D2B0	A4D2B0
O14737	O14737
O43324	O43324
O43665	O43665
O96007	O96007
P08708	P08708
P15922	P15922
P16216	P16216
P16216	P17901
P16216	P28623
P17259	P17259
P17259	P35755
P17259	P0A0Y3
P19487	P19487
P23903	P23903
P26221	P26221
P26221	Q9C9H5
P26221	Q5NAT0
P26221	Q02934
P26221	P23659
P27032	P27032
P27032	P37696
P27032	P18336
P27033	P27033
P32520	P32520
P32520	P21982
P35823	P35823
P44544	P44544
P45323	P45323
P45323	P37329
P80172	P80172
P81549	P81549
P94691	P94691
Q04064	Q04064
Q05202	Q05202
Q0TUS0	Q0TUS0
Q0TUS0	P0C2E9
Q0TUS0	P23564
Q8NKX2	Q8NKX2
A4QD57	A4QD57
O34215	O34215
O34215	Q47945
P00131	P00131
P00131	P00132
P00131	Q727P6
P05695	P05695
P07254	P07254
P07254	P32823
P07254	P11220
P07625	P07625
P07625	P00094
P07625	P00091
P07625	Q3J164
P07625	P00096
P07883	P07883
P07883	Q6F4N4
P0A1E7	P0A1E7
P0A1E7	P28307
P0AD63	P0AD63
P0AD63	P62593
P0AD63	P0A9Z7
P0AD63	P23954
P0AD63	P28585
P0AD63	P22390
P0AD63	P52663
P0AD63	P52682
P0AD63	P10424
P0AD63	P39824
P0CK94	P0CK94
P0CK94	P01556
P0CK94	P32890
P12334	P12334
P12334	P00282
P12334	Q9F646
P12334	P00280
P12334	P0A321
P12334	Q8RMH6
P12375	P12375
P13113	P13113
P18958	P18958
P27050	P27050
P29739	P29739
P33379	P33379
P33682	P33682
P33682	P26222
P42512	P42512
P42512	P16869
P59206	P59206
P80672	P80672
P81894	P81894
Q44856	Q44856
Q59478	Q59478
Q5N0R0	Q5N0R0
Q5SME3	Q5SME3
Q8RJP2	Q8RJP2
Q99289	Q99289
Q9ZG90	Q9ZG90
O05544	O05544
O52055	O52055
P00260	P00260
P04369	P04369
P06886	P06886
P0A1Z2	P0A1Z2
P0A1Z2	P0AEU7
P15363	P15363
P18895	P18895
P19369	P19369
P19584	P19584
P20713	P20713
P20713	P51691
P22629	P22629
P24093	P24093
P28581	P28581
P29822	P29822
P33406	P33406
P35706	P35706
P35706	P01006
P35706	P61153
P35706	P83544
P43131	P43131
P48823	P48823
P48982	P48982
Q09LX1	Q09LX1
Q09LY5	Q09LY5
Q182W3	Q182W3
Q182W3	P35149
Q2FZP6	Q2FZP6
Q2FZP6	P22188
Q50LF2	Q50LF2
Q50LF2	P40875
O34525	O34525
P00803	P00803
P00804	P00804
P00804	Q9HVM5
P02916	P02916
P02929	P02929
P03959	P03959
P0A6A0	P0A6A0
P0A710	P0A710
P0A712	P0A712
P0A8Q0	P0A8Q0
P0AA93	P0AA93
P0AAD6	P0AAD6
P0AAD6	P0AAD8
P0AAJ3	P0AAJ3
P0AAJ3	P0AAJ5
P0ABC7	P0ABC7
P0ABI4	P0ABI4
P0ABU9	P0ABU9
P0ABU9	P0ABU7
P0AC30	P0AC30
P0AC78	P0AC78
P0AD65	P0AD65
P0AD65	D0C8Z9
P0AD68	P0AD68
P0ADL1	P0ADL1
P0ADY1	P0ADY1
P0AEL0	P0AEL0
P0AEL0	P0AEK7
P0AEN4	P0AEN4
P0AER0	P0AER0
P0AER0	O14520
P0AER0	P60844
P0AER0	P41181
P0AFE4	P0AFE4
P0AFY6	P0AFY6
P0AG90	P0AG90
P0AG96	P0AG96
P0AGA2	P0AGA2
P0C0S1	P0C0S1
P10906	P10906
P11551	P11551
P11667	P11667
P13518	P13518
P13801	P13801
P22525	P22525
P23837	P23837
P23837	D0ZV89
P23894	P23894
P26458	P26458
P26458	P0ABK2
P26459	P26459
P26459	P0ABJ9
P28306	P28306
P28628	P28628
P30847	P30847
P30847	P77485
P30847	O69729
P30847	P96368
P33015	P33015
P37597	P37597
P39453	P39453
P42601	P42601
P46139	P46139
P46139	A0A0H2Z7X0
P46139	Q9I4L5
P52101	P52101
P69210	P69210
P69210	P69212
P69805	P69805
P75830	P75830
P76339	P76339
P76343	P76343
P76445	P76445
P77172	P77172
P77510	P77510
Q07868	Q07868
Q46927	Q46927
O31539	O31539
O34840	O34840
O34876	O34876
O34876	Q04LE4
P02918	P02918
P02921	P02921
P08697	P08697
P18892	P18892
O18330	O18330
O18330	O77061
O18330	Q17060
P09464	P09464
Q01638	Q01638
Q01638	P13504
P10163	P10163
P10163	P04280
Q8H6Q1	Q8H6Q1
P30438	P30438
Q86M34	Q86M34
Q4WZ11	Q4WZ11
Q07558	Q07558
Q25154	Q25154
P18417	P18417
Q76FB0	Q76FB0
Q76FB0	P0A386
Q76FB0	P0A387
Q76FB0	Q8DJE2
Q76FB0	Q55013
Q76FB0	Q55210
P03971	P03971
Q9BZM5	Q9BZM5
P02652	P02652
Q8NBL1	Q8NBL1
P83234	P83234
P83234	O75677
P83234	O75679
P04180	P04180
P07602	P07602
P15242	P15242
P15242	Q26636
P15242	P07154
P15242	P06797
P15242	P53634
P15242	P08176
P85261	P85261
P85261	P84527
O13547	O13547
P83313	P83313
Q86YT9	Q86YT9
Q96IQ7	Q96IQ7
P25033	P25033
P25033	Q1HLC0
Q01460	Q01460
P55320	P55320
Q6UX52	Q6UX52
Q27967	Q27967
P08541	P08541
Q9Z0K8	Q9Z0K8
P31025	P31025
P01239	P01239
P01239	P12420
P01239	P01240
P01239	P09585
P01239	P69130
P01239	P09586
A1BQQ5	A1BQQ5
Q9UHF4	Q9UHF4
Q63345	Q63345
Q63345	P55803
Q63345	Q61885
P86407	P86407
Q8SPQ0	Q8SPQ0
Q8SPQ0	Q13231
Q8SPQ0	O35744
Q8SPQ0	Q60557
P21919	P21919
P07359	P07359
Q1XG90	Q1XG90
Q1XG90	B3A003
Q8J0K5	Q8J0K5
Q8J0K5	Q9HE18
Q8J0K5	P26220
Q8J0K5	P26515
O64411	O64411
P29421	P29421
P29421	P07596
P01274	P01274
P16636	P16636
Q9BX59	Q9BX59
D7UQ40	D7UQ40
Q9FXT4	Q9FXT4
Q17043	Q17043
Q14773	Q14773
O93233	O93233
Q5EPH2	Q5EPH2
P02681	P02681
Q7L513	Q7L513
Q64277	Q64277
P36897	P36897
P36897	P37173
Q92154	Q92154
Q96QR1	Q96QR1
P81054	P81054
Q99972	Q99972
Q9H5V8	Q9H5V8
P01348	P01348
P01348	P22969
P01348	P01347
Q12546	Q12546
P08091	P08091
D3GDK4	D3GDK4
O54767	O54767
O54767	P20239
P02877	P02877
P02877	O64393
P28825	P28825
Q969N2	Q969N2
Q6EH50	Q6EH50
Q6EH50	P10297
P56526	P56526
P56526	Q9C0Y4
P56526	Q653V7
P24807	P24807
P07529	P07529
O55232	O55232
Q5B833	Q5B833
Q08481	Q08481
P0DPU1	P0DPU1
P0DPU1	Q6UWM5
P0DPU1	P35778
P0DPU1	Q7ZZN8
P06911	P06911
P06911	A2AJB7
A2AEP0	A2AEP0
P20462	P20462
P27485	P27485
P27485	P02753
A0A2I8B353	A0A2I8B353
C9K4X8	C9K4X8
Q99013	Q99013
Q6UW56	Q6UW56
P01168	P01168
Q16602	Q16602
Q17058	Q17058
P02788	P02788
P02788	P19134
P02788	P80429
P01165	P01165
P01165	P12961
P01165	P05408
P14384	P14384
P21581	P21581
P21581	P20826
P22146	P22146
P21128	P21128
Q15582	Q15582
Q15582	O11780
P02760	P02760
B2NHN2	B2NHN2
B2NHN2	O05527
Q8T1G4	Q8T1G4
P01911	P01911
Q8JFQ0	Q8JFQ0
Q8JFQ0	Q9PW66
Q8JFQ0	P58294
Q8JFQ0	Q6UWE3
Q9NQ34	Q9NQ34
P02702	P02702
P01226	P01226
P01226	P01225
P01226	P01223
P01226	P37240
P01226	Q08127
P01226	P53543
P01226	P01231
P01226	P04651
P01226	P08751
Q8NBI3	Q8NBI3
P07151	P07151
P07151	P01887
Q8BSU2	Q8BSU2
Q9UKD1	Q9UKD1
Q9UKD1	Q9Y692
Q9UKT9	Q9UKT9
Q9UKT9	Q13422
Q9UM11	Q9UM11
Q9UMX2	Q9UMX2
Q9Y2U5	Q9Y2U5
Q9Y5K5	Q9Y5K5
Q9Y6B2	Q9Y6B2
Q9Y6G5	Q9Y6G5
Q9Y6W6	Q9Y6W6
P00374	P00374
Q6GPH4	Q6GPH4
Q8NAG6	Q8NAG6
Q96PZ2	Q96PZ2
Q99496	Q99496
Q99733	Q99733
Q9BV79	Q9BV79
Q9BWT1	Q9BWT1
Q9BWT1	Q96GN5
Q9NRF2	Q9NRF2
Q9NVH2	Q9NVH2
Q9UNE7	Q9UNE7
O60829	O60829
P01583	P01583
Q13426	Q13426
Q13829	Q13829
Q13829	Q8WZ19
Q14397	Q14397
Q6UXN9	Q6UXN9
Q8IZU0	Q8IZU0
Q8N6R0	Q8N6R0
Q8NEY8	Q8NEY8
Q96C12	Q96C12
Q9BQ95	Q9BQ95
Q9BRT9	Q9BRT9
Q9BUH6	Q9BUH6
Q9NQ88	Q9NQ88
Q9NQP4	Q9NQP4
Q9NYF0	Q9NYF0
Q9UBZ4	Q9UBZ4
Q9Y4E8	Q9Y4E8
Q9Y4E8	Q13107
Q9Y4E8	P51784
Q9Y606	Q9Y606
O94880	O94880
P09211	P09211
P12956	P12956
P35557	P35557
P43490	P43490
P47929	P47929
P47929	P17931
P47929	O00182
P53370	P53370
P80217	P80217
P80217	Q13287
Q01831	Q01831
Q14653	Q14653
Q15003	Q15003
Q53H80	Q53H80
Q7KZF4	Q7KZF4
Q8N635	Q8N635
Q92560	Q92560
Q96Q11	Q96Q11
Q96Q11	P0ABF1
Q9C0D0	Q9C0D0
Q9H1K1	Q9H1K1
Q9UHV9	Q9UHV9
Q9Y263	Q9Y263
O75398	O75398
P10599	P10599
P18754	P18754
P21580	P21580
P46527	P46527
P49789	P49789
Q6ZV65	Q6ZV65
Q96FF9	Q96FF9
Q99417	Q99417
Q9BRX9	Q9BRX9
Q9ULZ2	Q9ULZ2
Q9Y6K1	Q9Y6K1
O14558	O14558
O14558	P02489
O14558	Q16082
O15347	O15347
O75791	O75791
P04271	P04271
P04271	P26447
P31947	P31947
P31947	P62258
Q07666	Q07666
Q3MIT2	Q3MIT2
Q6P589	Q6P589
Q86Y01	Q86Y01
Q86Y01	Q86UW9
Q9BWK5	Q9BWK5
Q9BY41	Q9BY41
Q9BY41	Q92769
Q9H7D7	Q9H7D7
P27623	P27623
P36680	P36680
P37095	P37095
P37547	P37547
P37573	P37573
P37794	P37794
P39377	P39377
P39787	P39787
P45470	P45470
P50849	P50849
P50849	P05055
P52129	P52129
P60584	P60584
P60595	P60595
P60595	Q9X0C8
P71020	P71020
P75949	P75949
P76008	P76008
P76256	P76256
P76458	P76458
P76491	P76491
P77182	P77182
P77499	P77499
P94388	P94388
P94388	Q9WXT2
P94552	P94552
Q45493	Q45493
Q45493	O31760
Q45493	P9WGZ9
Q45493	B9XZG7
Q46822	Q46822
P00963	P00963
P05042	P05042
P05042	P9WN93
P06722	P06722
P06992	P06992
P09377	P09377
P0A6A8	P0A6A8
P0A6F9	P0A6F9
P0A6L4	P0A6L4
P0A6L4	A7B555
P0A6L4	Q9S4K9
P0A6M8	P0A6M8
P0A6N4	P0A6N4
P0A6V5	P0A6V5
P0A715	P0A715
P0A794	P0A794
P0A7B8	P0A7B8
P0A7B8	P39070
P0A809	P0A809
P0A812	P0A812
P0A817	P0A817
P0A8G0	P0A8G0
P0A8M0	P0A8M0
P0A8T1	P0A8T1
P0A8X0	P0A8X0
P0A944	P0A944
P0A962	P0A962
P0A964	P0A964
P0A988	P0A988
P0A991	P0A991
P0A9E0	P0A9E0
P0AAP3	P0AAP3
P0ACY3	P0ACY3
P0ADP2	P0ADP2
P0AEI1	P0AEI1
P0AEM6	P0AEM6
P0AF67	P0AF67
P0AFB5	P0AFB5
P0AFF6	P0AFF6
P0AFY8	P0AFY8
P0AG24	P0AG24
P0AG67	P0AG67
P0C0K3	P0C0K3
P10026	P10026
P12042	P12042
P14375	P14375
P14375	P07604
P14375	Q06065
P14375	P0AFB8
P14375	P0AFU4
P14375	P37344
P16659	P16659
P17169	P17169
P17854	P17854
P17854	P9WIK3
P9WJY3	P9WJY3
P9WJY3	K5B8L6
P9WNK7	P9WNK7
Q00515	Q00515
Q2FV99	Q2FV99
Q2FVT1	Q2FVT1
P01830	P01830
P01830	P01831
P01477	P01477
P01477	P24330
P21326	P21326
P35625	P35625
P35625	P26652
P35625	P16368
P53616	P53616
P01083	P01083
B0FHH8	B0FHH8
O00300	O00300
P05305	P05305
P0DQP8	P0DQP8
P0DQP8	C0STK6
B2G331	B2G331
B2G331	Q29143
B2G331	G9I929
B2G331	I2G9B4
B2G331	P00991
B2G331	A8Y7P1
B2G331	P82966
P0C8G7	P0C8G7
Q9M069	Q9M069
Q86Y78	Q86Y78
P07204	P07204
P21589	P21589
P21589	P21588
P21589	E0D877
P21589	P44569
Q3YJS9	Q3YJS9
Q3YJS9	Q3YJT5
Q3YJS9	P15478
Q9ERQ6	Q9ERQ6
O95750	O95750
O95750	Q9GZV9
P07477	P07477
P07477	P08001
P07477	P49862
P07477	P00749
P07477	P10144
P07477	Q6UWY2
P07477	P00757
P07477	P36368
P07477	O60235
P07477	Q27081
P07477	O15393
P07477	Q2VG86
P07477	Q9XXV0
P07477	P00773
P07477	P00772
Q9P2K2	Q9P2K2
F1NSM7	F1NSM7
Q06K77	Q06K77
Q06K77	O96559
Q14802	Q14802
Q14802	Q61835
Q14802	P56513
Q5DW47	Q5DW47
O00100	O00100
P06206	P06206
P06206	P06207
A0A1L6K371	A0A1L6K371
A0A1L6K371	Q9ZWA9
A0A1L6K371	P13744
A0A1L6K371	P07728
Q99435	Q99435
A6P6V9	A6P6V9
P55000	P55000
P12318	P12318
P09237	P09237
P12273	P12273
P15270	P15270
A1X158	A1X158
Q9MYV1	Q9MYV1
P25331	P25331
P01571	P01571
P01571	P01567
P01571	P01563
P01571	P01570
P01571	P01568
P01571	P05013
P01571	P05014
P01571	P01572
P01571	P56829
P60214	P60214
P60214	P15226
P60214	P0DMM8
P60214	P60212
P60214	Q9UAC8
P60214	E7CLP2
P60214	Q26292
P60214	F1CGT6
P42264	P42264
P53366	P53366
Q55U20	Q55U20
P81264	P81264
Q96LA5	Q96LA5
Q5I2B2	Q5I2B2
P29320	P29320
P29320	P54762
P01299	P01299
P01299	Q9PW68
P01299	P10631
P20062	P20062
P20062	Q9XSC9
P0C1X2	P0C1X2
Q8TC27	Q8TC27
P12763	P12763
P12763	Q9DGI0
P12763	P29695
P12763	P02765
P11643	P11643
Q9BXJ3	Q9BXJ3
Q1HAY7	Q1HAY7
P20029	P20029
P20029	P77319
P20029	P0A6Y8
Q9GZM7	Q9GZM7
Q8RUW5	Q8RUW5
Q8RUW5	P08818
P84688	P84688
P84688	P84685
P29459	P29459
Q00954	Q00954
Q99ML8	Q99ML8
P0C8E8	P0C8E8
Q41638	Q41638
Q41638	Q6YDN9
P01019	P01019
Q84ZX5	Q84ZX5
B0JFB8	B0JFB8
Q6UWI2	Q6UWI2
P00684	P00684
P00684	P00669
P00684	P39873
P00684	P34096
P00684	P15468
P00684	P00683
P00684	Q9H1E1
P00684	P81649
P00684	P08904
P13727	P13727
P01189	P01189
B9A8D7	B9A8D7
Q8IVL8	Q8IVL8
Q8IVL8	P09955
Q8IVL8	P15086
Q8IVL8	P00730
Q8IVL8	P09954
Q9Z0L3	Q9Z0L3
O75462	O75462
Q9P0V8	Q9P0V8
Q20224	Q20224
P16382	P16382
Q05928	Q05928
P02708	P02708
P02708	P02712
P02708	P22770
Q24824	Q24824
Q24824	Q07831
Q24824	P34095
Q9BZR6	Q9BZR6
A7L035	A7L035
P52193	P52193
P52193	P28491
P52193	P15253
P60153	P60153
Q5AMT2	Q5AMT2
Q5AMT2	P15703
Q4WL81	Q4WL81
Q6UWY5	Q6UWY5
P01591	P01591
Q7Q7R8	Q7Q7R8
P22412	P22412
P22412	P31429
Q6Z232	Q6Z232
G8YYA5	G8YYA5
G8YYA5	C7B247
P22692	P22692
P22692	P13384
P22692	P20959
P22692	P16611
P22692	P08833
P22692	P21743
Q969J5	Q969J5
Q96EB1	Q96EB1
Q96FX2	Q96FX2
Q96HR8	Q96HR8
Q96IU4	Q96IU4
Q96RN5	Q96RN5
Q96RS6	Q96RS6
Q96S44	Q96S44
Q99502	Q99502
Q99502	O95677
Q99502	O00167
Q99502	Q99504
Q99750	Q99750
Q99856	Q99856
Q9BTL4	Q9BTL4
Q9BVW5	Q9BVW5
Q9BXJ9	Q9BXJ9
Q9C0K7	Q9C0K7
Q9C0K7	Q7RTN6
Q9C0K7	Q9UEW8
Q9H1J1	Q9H1J1
Q9H1J1	Q9BZI7
Q9H4B6	Q9H4B6
Q9H7B4	Q9H7B4
Q9H7B4	Q8NB12
Q9H7S9	Q9H7S9
Q9H8W5	Q9H8W5
Q9HB75	Q9HB75
Q9NSA3	Q9NSA3
Q9NUW8	Q9NUW8
Q9NV88	Q9NV88
Q9NVM9	Q9NVM9
Q9NWS1	Q9NWS1
Q9NX07	Q9NX07
Q9NZN8	Q9NZN8
Q9NZN9	Q9NZN9
Q9P0M2	Q9P0M2
Q9P1Z2	Q9P1Z2
Q9UFF9	Q9UFF9
Q9UPE1	Q9UPE1
Q9Y2I8	Q9Y2I8
Q9Y2T7	Q9Y2T7
Q9Y2T7	P16989
Q9Y314	Q9Y314
Q9Y3F4	Q9Y3F4
Q9Y3I0	Q9Y3I0
Q9Y616	Q9Y616
A6NGQ2	A6NGQ2
A8K830	A8K830
O00625	O00625
O14593	O14593
O14787	O14787
O14787	Q92973
O43251	O43251
O43251	Q9NWB1
O43299	O43299
O43592	O43592
O75496	O75496
O75689	O75689
O94829	O94829
O95704	O95704
P06746	P06746
P07992	P07992
P0DME0	P0DME0
P0DME0	Q01534
P20290	P20290
P28070	P28070
P30793	P30793
P38936	P38936
P40205	P40205
P43364	P43364
P43364	P43355
P43364	Q9UBF1
P45381	P45381
P46976	P46976
P46976	O15488
P49721	P49721
P51812	P51812
P51812	Q15418
P51812	Q15349
P51812	Q9UK32
P51812	O75582
P51843	P51843
P54253	P54253
P54727	P54727
P61289	P61289
P61962	P61962
P62750	P62750
P62987	P62987
P78560	P78560
P98170	P98170
P98170	Q13489
P98170	Q13490
Q9Y241	Q9Y241
Q9Y277	Q9Y277
Q9Y277	P21796
Q9Y287	Q9Y287
Q9Y287	Q9NQX7
Q9Y2C3	Q9Y2C3
Q9Y2C3	O43825
Q9Y2C3	O75752
Q9Y2C3	Q9BYG0
Q9Y3E5	Q9Y3E5
Q9Y5I7	Q9Y5I7
Q9Y5T4	Q9Y5T4
Q9Y5U8	Q9Y5U8
Q9Y5Y5	Q9Y5Y5
Q9Y5Z9	Q9Y5Z9
Q9Y663	Q9Y663
Q9Y672	Q9Y672
Q9Y6H6	Q9Y6H6
Q9Y6J6	Q9Y6J6
A0A087X1C5	A0A087X1C5
A0PJK1	A0PJK1
A0PJK1	P13866
B0YJ81	B0YJ81
E9PQX1	E9PQX1
F5H094	F5H094
F5H094	Q9Y6L6
H0YL14	H0YL14
O00258	O00258
O00341	O00341
O00341	P43005
O00341	P43007
O00501	O00501
O00501	O15551
O00501	P56880
O14523	O14523
O14653	O14653
O14681	O14681
O14735	O14735
O15155	O15155
O15229	O15229
O15243	O15243
O15258	O15258
O15374	O15374
O15466	O15466
O15466	Q92185
O15466	Q92187
O15552	O15552
O15552	O15529
O15552	O14843
O43169	O43169
O05512	O05512
O05512	P16699
P02925	P02925
P02925	P0A2C5
P02925	P44737
P02925	P39325
P08191	P08191
P0ABL3	P0ABL3
P0ABL3	P44654
P0ABL3	P39186
P0AES9	P0AES9
P0AES9	Q2YK18
P0AET2	P0AET2
P0AFM2	P0AFM2
P25718	P25718
P37028	P37028
P37902	P37902
P39172	P39172
P39172	P44526
P39848	P39848
O34344	O34344
P04189	P04189
P04189	P08594
P0A855	P0A855
P0A940	P0A940
P0AAX8	P0AAX8
P0AAX8	P39176
P0AD70	P0AD70
P0AEG4	P0AEG4
P0AEM9	P0AEM9
P0AEM9	P30859
P0AEM9	P30860
P0AEM9	P0AEQ3
P0AEM9	P0AEU0
P0AEM9	P09551
P0AEM9	P02910
P0AEM9	P45091
P0AEM9	Q0P9X8
P0C0T5	P0C0T5
P23847	P23847
P24228	P24228
P26648	P26648
P26648	P36649
P64534	P64534
P77214	P77214
P77348	P77348
P77348	P06202
P77348	P23843
P77754	P77754
P94522	P94522
P94522	P95470
Q79F14	Q79F14
P09394	P09394
P0A910	P0A910
P0A910	A0A2S4N3N0
P0A910	P38399
P0A910	P38368
P0A910	P45996
P0A921	P0A921
P0ADE4	P0ADE4
P0AEX9	P0AEX9
P13036	P13036
P13482	P13482
A0A1W7HCY1	A0A1W7HCY1
A6QEK3	A6QEK3
A6QEK3	P64313
A6QEK3	Q5HIC4
A6QEK3	Q6GJB7
A6QEK3	P64312
A6QEK3	Q2FJ89
A6QEK3	Q8NXY2
A6QEK3	A6TZ28
A6QEK3	Q2G0M7
A6QEK3	Q2YSB0
A6QEK3	P31658
A6QEK3	B7NBV8
A6QEK3	P59331
A6QEK3	A7ZN88
A6QEK3	B1IZU5
A6QEK3	B2TWL8
A6QEK3	B5YSJ3
A6QEK3	B7MCM0
A6QEK3	B7MWF3
A6QEK3	B7NRB5
A6QEK3	C4ZQN7
A6QEK3	Q8XB78
A6QEK3	B1X6B7
A6QEK3	B7L8Y4
A6QEK3	A1ACB2
A6QEK3	B1LQP2
A6QEK3	P59332
A6QEK3	Q0T3G3
A6QEK3	Q0TGM8
A6QEK3	Q1RAH5
A6QEK3	Q3Z0M5
A6QEK3	Q02IV5
A6QEK3	B7UX51
A8FNH9	A8FNH9
A9CI74	A9CI74
A9CI74	Q92PZ7
I7CA98	I7CA98
J8G6Z1	J8G6Z1
O50146	O50146
O69652	O69652
P04042	P04042
P04042	P07330
P06736	P06736
P06736	P55132
P0A006	P0A006
P0A006	P45947
P0A1C1	P0A1C1
P0A1C1	P0A1B9
P0A1C1	P74857
P0A1C1	P40290
P0A2I3	P0A2I3
P0A2I3	P0AES6
P0A2I3	A0QNE0
P0A2I3	P0C559
P0A2I3	P9WG45
P0A2I3	Q59533
P0A2I3	C5C7X8
P0DJL7	P0DJL7
P0DJL7	P9WMH1
P16114	P16114
P17556	P17556
P17556	P07001
P33038	P33038
P33038	P0A749
P33038	Q836E5
P54997	P54997
P71590	P71590
P72156	P72156
P9WG47	P9WG47
P9WG47	A0A0G2Q9F8
P9WG47	P0AES4
P9WHH9	P9WHH9
P9WHH9	P0A9P0
P9WHH9	P18925
P9WHH9	P14218
P9WHH9	P31052
P9WKE3	P9WKE3
P9WKE3	P14193
P9WKE3	P0A1V6
P9WKE3	P0A717
P9WKH1	P9WKH1
P9WMU1	P9WMU1
P9WPE5	P9WPE5
P9WPP7	P9WPP7
P9WQP7	P9WQP7
P9WQP7	Q15738
P9WQP7	P26439
P9WQP7	P14060
Q07607	Q07607
Q07607	Q8UGL3
Q07607	Q9X1K9
Q07607	P0A6L2
Q0K845	Q0K845
Q0K9H3	Q0K9H3
Q2YKV1	Q2YKV1
Q2YQA5	Q2YQA5
Q4UZF6	Q4UZF6
Q4ZMV1	Q4ZMV1
Q50LF0	Q50LF0
Q53080	Q53080
Q53080	P9WHU1
Q53080	Q53084
Q56415	Q56415
Q6MX01	Q6MX01
Q6WNP1	Q6WNP1
Q6WNP1	P54998
Q6WNP1	Q0ZIH5
Q6WNP1	A0A0C6DRW4
Q73RG3	Q73RG3
Q74P24	Q74P24
Q7CPF5	Q7CPF5
Q7CPF5	Q9H477
Q7CPF5	P0A9J6
Q8CY87	Q8CY87
Q8KES3	Q8KES3
Q97ML3	Q97ML3
Q9CIV7	Q9CIV7
Q9CIV7	P76014
Q9F0R1	Q9F0R1
Q9L9D7	Q9L9D7
Q9RA63	Q9RA63
Q9RA63	P63284
P08842	P08842
O62680	O62680
O62680	P13987
O62680	O77541
P81294	P81294
P81294	P18632
P51688	P51688
Q7YSJ4	Q7YSJ4
Q39487	Q39487
Q8TCT8	Q8TCT8
P09871	P09871
P14314	P14314
P01218	P01218
P0C292	P0C292
P0C292	Q4LCT0
P0C292	P0C293
P0C292	Q4LCS9
P0C292	Q4LCS8
O96910	O96910
P82943	P82943
P82943	P13500
P82943	O00585
P82943	P80325
P82943	O00175
P82943	P10855
P82943	P50229
P82943	Q16627
P82943	P97884
P82943	O89093
P26729	P26729
P26729	P12707
P26729	P12706
P26729	P01326
P26729	P01315
P26729	P01318
P26729	P01325
P26729	P01323
P26729	P01322
P26729	P01308
P26729	P01311
P26729	P17715
P26729	P81025
P26729	P01335
P26729	P04667
P26729	P01342
P06867	P06867
P06867	P00747
P01036	P01036
P01036	P28325
P01036	P01034
P19438	P19438
P01588	P01588
Q05443	Q05443
O43155	O43155
P15261	P15261
P54837	P54837
P02784	P02784
P02784	P81019
P01048	P01048
P01048	P01045
Q13145	Q13145
Q15465	Q15465
Q75N35	Q75N35
Q07654	Q07654
Q07654	P04155
P02782	P02782
P02782	P02781
Q10ST8	Q10ST8
Q6UXB1	Q6UXB1
P79208	P79208
P22057	P22057
P22057	P41222
P22057	O02853
P22057	P80188
P17164	P17164
O43653	O43653
P02670	P02670
Q2PGV8	Q2PGV8
Q2PGV8	Q8NJ73
Q2PGV8	P23360
Q2PGV8	P26514
Q2PGV8	P07528
Q2PGV8	P40943
Q9Y5U5	Q9Y5U5
Q9Y5U5	Q07011
P07093	P07093
P07093	P01008
P07093	P41361
P07093	Q90935
P07093	Q27085
P07093	P48595
Q9BXJ7	Q9BXJ7
P05164	P05164
Q13478	Q13478
Q966V2	Q966V2
Q63376	Q63376
Q9TTE1	Q9TTE1
Q9TTE1	P05545
Q9TTE1	Q9UK55
Q9TTE1	P31211
Q9TTE1	P22325
Q9TTE1	P08185
Q9TTE1	P12725
Q9TTE1	P01009
Q9TTE1	P23035
Q9TTE1	Q9N2I2
Q9TTE1	P05154
Q9TTE1	Q7TMF5
Q9TTE1	P05155
Q9TTE1	P49182
Q9TTE1	P05546
Q95VE9	Q95VE9
Q95VE9	P18959
P02727	P02727
P02727	P02724
P78581	P78581
Q6UXH1	Q6UXH1
Q99935	Q99935
Q9BZW8	Q9BZW8
A8QL52	A8QL52
A8QL52	J7H670
A8QL52	G8XQX1
A8QL52	X2JCV5
A8QL52	Q6TGQ8
A8QL52	P81382
A8QL52	P0CC17
A8QL52	P56742
A8QL52	P81383
P49921	P49921
P49921	P01148
P49921	P51918
P49921	P51925
P25942	P25942
P25942	Q92956
P02783	P02783
O00105	O00105
P80961	P80961
O48818	O48818
Q9H3T3	Q9H3T3
Q9H3T3	Q9NPR2
Q08738	Q08738
P19999	P19999
P19999	Q5U9S1
P19999	P23805
P19999	P35248
Q62192	Q62192
Q62192	Q99467
P0C1B3	P0C1B3
P35053	P35053
P35053	P35052
Q59XX2	Q59XX2
P07456	P07456
P07456	P10764
P07456	P01346
F1AWB0	F1AWB0
Q969H8	Q969H8
O14763	O14763
A0A0F7YZQ7	A0A0F7YZQ7
O02839	O02839
O02839	P15529
P34116	P34116
P01579	P01579
Q08334	Q08334
Q9NR61	Q9NR61
O82337	O82337
O82337	Q9M373
Q9NPA0	Q9NPA0
P01177	P01177
P01177	P13389
P01177	Q00945
Q8BHN3	Q8BHN3
P24792	P24792
P24792	P14133
Q64610	Q64610
Q64610	W8E7D1
Q64610	O14638
Q23997	Q23997
Q9NTU7	Q9NTU7
Q9NTU7	Q6UW01
P36438	P36438
Q41358	Q41358
Q41358	P82683
Q41358	P02879
Q41358	Q9M653
P55083	P55083
P55083	O70165
P55083	Q9U8W7
P55083	O00602
P55083	O75636
P09603	P09603
O95994	O95994
P18428	P18428
P18428	P17454
P18428	P17213
P00652	P00652
P02770	P02770
P29022	P29022
P29022	P21226
P29022	P06215
P29022	P24091
Q15399	Q15399
B8PYF3	B8PYF3
Q08380	Q08380
Q00017	Q00017
P19594	P19594
Q94734	Q94734
P13385	P13385
A0A1S6EK92	A0A1S6EK92
A0A1S6EK92	A0A1S6EK91
Q62632	Q62632
Q62632	Q12841
A0A3N2PQC3	A0A3N2PQC3
O75556	O75556
O75556	P02780
P13917	P13917
P13917	Q42369
Q6UX39	Q6UX39
P47178	P47178
P03973	P03973
P03973	P01174
P18658	P18658
Q02363	Q02363
Q02363	P41134
Q05086	Q05086
Q06124	Q06124
Q06124	P29350
Q13098	Q13098
Q13202	Q13202
Q13451	Q13451
Q13562	Q13562
Q13643	Q13643
Q13761	Q13761
Q13761	Q13950
Q13765	Q13765
Q14657	Q14657
Q15054	Q15054
Q15257	Q15257
Q15631	Q15631
Q3KP66	Q3KP66
Q56P03	Q56P03
Q5TA31	Q5TA31
Q6IA86	Q6IA86
Q6NUN9	Q6NUN9
Q6P2M8	Q6P2M8
Q6P2M8	Q8IW41
Q6P2M8	Q16644
Q6P2M8	P49137
Q6P2M8	Q14012
Q6P2M8	Q8IU85
Q6P2M8	Q16566
Q6P2M8	Q15759
Q6P2M8	Q16539
Q6P2M8	P53778
Q6P2M8	Q00532
Q6P2M8	Q92772
Q6P2M8	P31152
Q6P2M8	Q16659
Q6P2M8	P45984
Q6P2M8	P45983
Q6P2M8	Q9UBE8
Q6P2M8	Q8N5S9
Q6P2M8	Q9HBY8
Q6P2M8	P51817
Q6P2M8	Q9UBS0
Q6P2M8	Q15208
Q6PH85	Q6PH85
Q6PH85	Q96GG9
Q6PIY7	Q6PIY7
Q6ZYL4	Q6ZYL4
Q70CQ1	Q70CQ1
Q70CQ1	Q9H0E7
Q7L9L4	Q7L9L4
Q7Z4V5	Q7Z4V5
Q7Z5L9	Q7Z5L9
Q7Z6V5	Q7Z6V5
Q7Z7C7	Q7Z7C7
Q8IWT0	Q8IWT0
Q8IYT2	Q8IYT2
Q8N2I9	Q8N2I9
Q8NI51	Q8NI51
Q8TD31	Q8TD31
Q8TF42	Q8TF42
Q8TF42	P57075
Q8WVJ9	Q8WVJ9
Q8WY91	Q8WY91
Q92804	Q92804
Q969S3	Q969S3
Q96C86	Q96C86
Q96D46	Q96D46
Q96N95	Q96N95
Q96N95	Q8NF99
Q96PV7	Q96PV7
Q96RE7	Q96RE7
Q96S55	Q96S55
Q99471	Q99471
Q99952	Q99952
Q9BQA1	Q9BQA1
Q9BR61	Q9BR61
Q9BRS8	Q9BRS8
Q9BT81	Q9BT81
Q9BUB5	Q9BUB5
Q9BUL5	Q9BUL5
Q9BYV6	Q9BYV6
Q9BYV9	Q9BYV9
Q9BZS1	Q9BZS1
Q9C098	Q9C098
Q9H000	Q9H000
Q9H2G4	Q9H2G4
Q9HCU9	Q9HCU9
Q9NPF5	Q9NPF5
Q9NQE9	Q9NQE9
Q9NQV5	Q9NQV5
Q9NRW3	Q9NRW3
Q9NRW3	Q9GZX7
Q9NRW3	P31941
Q9NRW3	P41238
Q9NTM9	Q9NTM9
Q9UBB9	Q9UBB9
Q9UBT2	Q9UBT2
Q9UF56	Q9UF56
Q9UHY7	Q9UHY7
Q9UKT7	Q9UKT7
Q9UM82	Q9UM82
Q9UQ13	Q9UQ13
C9JE40	C9JE40
Q47454	Q47454
Q47454	P12376
Q47898	Q47898
Q47898	P30919
Q47898	P20933
Q51371	Q51371
Q5SK82	Q5SK82
Q8VPD4	Q8VPD4
Q9I194	Q9I194
Q9Z4P0	Q9Z4P0
Q9Z4P0	Q07WU7
V5YM14	V5YM14
V5YM14	B2RKV3
V5YM14	F8WQK8
A0A0A1H8I4	A0A0A1H8I4
A0A0H3K686	A0A0H3K686
A0A0H3K686	P02976
C6XZB6	C6XZB6
L0DSL2	L0DSL2
O53361	O53361
P0CZ00	P0CZ00
P0DX29	P0DX29
P14756	P14756
P17792	P17792
P21171	P21171
P21171	O07532
P21171	P54421
P21171	P39046
P35482	P35482
P35482	K4LAH1
P84888	P84888
P9WP43	P9WP43
P9WP43	P9WP41
Q52VH2	Q52VH2
Q6F3I7	Q6F3I7
Q8GFE2	Q8GFE2
Q8KRU5	Q8KRU5
Q8KRU5	P42251
Q9AQS0	Q9AQS0
A3DH67	A3DH67
A3DH67	P0C2S5
D3RVD4	D3RVD4
O07834	O07834
O33599	O33599
P01555	P01555
P09545	P09545
P11439	P11439
P21163	P21163
P24474	P24474
P81186	P81186
P81186	P33937
P81186	P39185
P83513	P83513
P84887	P84887
P84887	P00372
P84887	P22641
Q06749	Q06749
Q06749	Q9L7P2
Q0TV31	Q0TV31
Q47910	Q47910
Q7MSJ8	Q7MSJ8
Q8NNK2	Q8NNK2
Q9I596	Q9I596
Q9L5A4	Q9L5A4
Q9LCB9	Q9LCB9
Q9LCB9	Q8RS40
Q9S1G7	Q9S1G7
Q9S1G7	Q8GPG1
Q9S1H0	Q9S1H0
Q9S1H0	Q8GPG4
E1XUJ2	E1XUJ2
G1UBD1	G1UBD1
G1UBD1	Q04508
I0J1I6	I0J1I6
P07662	P07662
P0C1A9	P0C1A9
P0C2T2	P0C2T2
P23836	P23836
P23836	P69228
P23836	P36556
P23836	P9WGM1
P23836	P9WGM9
P23836	P9WGM7
P23836	P0AE88
P23836	P0A9Q1
P23836	P0AA16
P25522	P25522
P27306	P27306
P29745	P29745
P29745	P26311
P29745	P0C2T7
P31572	P31572
P32170	P32170
P32173	P32173
P36553	P36553
P36979	P36979
P37552	P37552
P37552	Q7CP78
P37552	P0AF93
P37564	P37564
P38032	P38032
P38032	P10902
P38393	P38393
P40711	P40711
P50456	P50456
P54503	P54503
P54503	O31602
P60716	P60716
P63224	P63224
P64461	P64461
P64483	P64483
P76273	P76273
P77218	P77218
P77399	P77399
P77555	P77555
P77718	P77718
P94443	P94443
Q46896	Q46896
Q46920	Q46920
Q47155	Q47155
Q47155	P58965
P19582	P19582
P69910	P69910
P54375	P54375
O34481	O34481
O34580	O34580
O34942	O34942
P0ABT2	P0ABT2
P0ACG1	P0ACG1
P0ACG1	P0ACF8
P32728	P32728
P37469	P37469
P50729	P50729
P50729	O34748
P0ACF0	P0ACF0
P0ACF0	P08821
P0ACF0	P0A6X7
P0ACF0	P0A6Y1
P0C093	P0C093
O34720	O34720
O34720	Q795Y4
P05648	P05648
P05648	P03004
P37455	P37455
P94461	P94461
P0A6R3	P0A6R3
P37542	P37542
P0A9L3	P0A9L3
P0A9L3	P45523
P0A9L3	P51752
P0A9L3	Q70YI1
P0A9L3	Q5ZXE0
P0A862	P0A862
P37869	P37869
P37869	P0A6P9
P39801	P39801
P07908	P07908
P32397	P32397
P0AC55	P0AC55
P27278	P27278
P33599	P33599
P33602	P33602
P0A6Z3	P0A6Z3
P39405	P39405
P0CE47	P0CE47
P0CE47	P0CE48
P0CE47	Q5SHN6
P0CE47	P14081
P69853	P69853
P06616	P06616
P06616	P42182
P31473	P31473
P43341	P43341
P28366	P28366
P28366	P10408
P0ADN0	P0ADN0
P0AFM6	P0AFM6
P0A9V1	P0A9V1
P23830	P23830
P0A9J0	P0A9J0
O00206	O00206
D4A540	D4A540
Q6UW88	Q6UW88
P33487	P33487
P33487	P13689
O43852	O43852
O43852	Q05186
Q8MI01	Q8MI01
O43278	O43278
P23515	P23515
P38574	P38574
P51460	P51460
P51460	O77801
P05067	P05067
Q6ASY2	Q6ASY2
C0H9B6	C0H9B6
P00724	P00724
P00724	Q96TU3
P98066	P98066
O14798	O14798
P25289	P25289
P52823	P52823
O35701	O35701
Q8NBN3	Q8NBN3
Q6UW10	Q6UW10
Q9U3Z3	Q9U3Z3
Q02567	Q02567
Q90WJ7	Q90WJ7
P86929	P86929
Q90W22	Q90W22
Q39649	Q39649
P48819	P48819
P48819	P29788
Q76CA2	Q76CA2
P29392	P29392
P04844	P04844
Q96S96	Q96S96
A1IKL2	A1IKL2
P63152	P63152
P63152	P63153
P01005	P01005
P17690	P17690
P42292	P42292
Q9N4D8	Q9N4D8
P00739	P00739
P00739	P00738
Q8WP90	Q8WP90
O76818	O76818
O76818	A8CL69
Q765P3	Q765P3
Q765P3	Q9VYX7
P80108	P80108
Q5UCC4	Q5UCC4
O14773	O14773
A0A023W140	A0A023W140
P41543	P41543
Q9M0S4	Q9M0S4
Q6T6C2	Q6T6C2
Q8WXF3	Q8WXF3
P80463	P80463
Q9JI59	Q9JI59
Q9JI59	Q9BX67
Q9JI59	Q9Y624
P93484	P93484
Q3L1D1	Q3L1D1
Q3L1D1	V5NC32
P13671	P13671
L8BRS3	L8BRS3
L8BRS3	Q9S8P4
L8BRS3	Q94EG3
L8BRS3	Q942A7
L8BRS3	Q6YZY5
P12268	P12268
P12268	P20839
P19338	P19338
P46781	P46781
P46782	P46782
P52564	P52564
P52564	P45985
P52564	O14733
P52564	Q13043
P52564	Q9Y6E0
P62244	P62244
P62263	P62263
P62308	P62308
P62316	P62316
P62701	P62701
P86452	P86452
Q00169	Q00169
Q00994	Q00994
Q00994	Q9HBH7
Q00994	Q9BXY8
Q01954	Q01954
Q14019	Q14019
Q16236	Q16236
Q53FT3	Q53FT3
Q6ZN17	Q6ZN17
Q8IXQ6	Q8IXQ6
Q8NDF8	Q8NDF8
Q8NDF8	Q5XG87
Q8TDR2	Q8TDR2
Q8WWH5	Q8WWH5
Q96AQ6	Q96AQ6
Q99547	Q99547
Q9BTM9	Q9BTM9
Q9BXP5	Q9BXP5
Q9H790	Q9H790
Q9NQT4	Q9NQT4
Q9NQT5	Q9NQT5
Q9UGY1	Q9UGY1
A6ND36	A6ND36
B2RXF5	B2RXF5
O75920	O75920
P23490	P23490
P42768	P42768
P42768	O00401
P46777	P46777
P55786	P55786
P55786	A2RI32
P60709	P60709
Q13206	Q13206
Q13868	Q13868
Q13895	Q13895
Q15628	Q15628
Q6DKJ4	Q6DKJ4
Q6VN20	Q6VN20
Q70EL2	Q70EL2
Q70EL2	Q9Y5T5
Q8IV48	Q8IV48
Q8N6M6	Q8N6M6
Q92747	Q92747
Q92747	O15143
Q99543	Q99543
Q9BWE0	Q9BWE0
Q9BWE0	Q14587
Q9BWE0	Q9Y473
Q9BWE0	Q09FC8
Q9BWE0	Q6U7Q0
Q9BWE0	Q6ZN55
A1L3X0	A1L3X0
A2A2Y4	A2A2Y4
A2RU14	A2RU14
A5PLL7	A5PLL7
A5PLL7	Q9AE87
A6NI61	A6NI61
B1AL88	B1AL88
D3W0D1	D3W0D1
O00237	O00237
O00322	O00322
O00337	O00337
O00337	O43868
O00337	Q9HAS3
O00400	O00400
O00453	O00453
O14548	O14548
O14788	O14788
O14804	O14804
O14925	O14925
O14949	O14949
O14975	O14975
O14975	Q9Y2P5
O15162	O15162
O15162	Q9NRQ2
O15247	O15247
O15260	O15260
O15269	O15269
O15400	O15400
O15400	Q86Y82
O15554	O15554
O42043	O42043
O43526	O43526
O43526	O43525
O43526	Q9NR82
O43529	O43529
O43556	O43556
O43581	O43581
O43581	Q9BQS2
O43761	O43761
O43808	O43808
O43826	O43826
P80549	P80549
P80549	P00101
P80549	P00099
P80549	P15452
Q05811	Q05811
Q05918	Q05918
Q06987	Q06987
Q06987	Q09056
Q51485	Q51485
Q57483	Q57483
Q58AD3	Q58AD3
Q6RUF5	Q6RUF5
Q934G3	Q934G3
B7JAQ0	B7JAQ0
E3PPC4	E3PPC4
E3PPC4	P0ABW7
O25825	O25825
O30434	O30434
O30434	A9Q0M7
O30434	Q0Z8B6
O52179	O52179
O52179	O52057
O66515	O66515
O66515	P69681
P02970	P02970
P07767	P07767
P0A074	P0A074
P0A074	P31716
P0A074	O54081
P0C8Z8	P0C8Z8
P0DMR4	P0DMR4
P0DMR4	G3XDA8
P13421	P13421
P13421	Q03011
P18477	P18477
P19250	P19250
P22266	P22266
P22940	P22940
P23135	P23135
P24037	P24037
P26501	P26501
P38059	P38059
P40601	P40601
P44883	P44883
P44883	P0AEE5
P49051	P49051
Q05156	Q05156
Q05156	P0C2S1
Q06110	Q06110
Q06110	P01551
Q06110	P01549
Q06110	P0A3R9
Q2FXC4	Q2FXC4
Q2FXC4	Q2FXC3
Q2FXC4	Q2FXC8
Q2FXC4	Q2FXC2
Q5HEA4	Q5HEA4
Q5HEA4	Q2FV52
Q5HEA4	P60158
Q5HEA4	Q5HCY1
Q9KK91	Q9KK91
P37648	P37648
P54484	P54484
P76172	P76172
O31737	O31737
P0AFH8	P0AFH8
O31803	O31803
P94356	P94356
P0A8X2	P0A8X2
P96729	P96729
P39187	P39187
P76520	P76520
P24121	P24121
Q59639	Q59639
Q7M1T6	Q7M1T6
P01092	P01092
P12903	P12903
P12903	Q47223
P12903	P12266
P12903	P37921
P12903	Q04681
P50470	P50470
P50470	P02977
P50470	P16947
P80603	P80603
P80603	P10384
P80604	P80604
P00779	P00779
P0A1N4	P0A1N4
P12061	P12061
P12690	P12690
P15488	P15488
P22865	P22865
P46739	P46739
P84838	P84838
Q05044	Q05044
Q9Z4N3	Q9Z4N3
Q9Z4N3	Q47459
A2TJI4	A2TJI4
P04737	P04737
P07017	P07017
P07017	P02942
P07017	P05704
P07017	P39214
P07017	P39215
P09835	P09835
P0A8Q3	P0A8Q3
P0AAM1	P0AAM1
P0AB98	P0AB98
P0ABB8	P0ABB8
P0ABV6	P0ABV6
P0AC44	P0AC44
P0AFA2	P0AFA2
P0AFA7	P0AFA7
P0AFJ7	P0AFJ7
P0AFT2	P0AFT2
P0AFU0	P0AFU0
P0AG99	P0AG99
P0AGE4	P0AGE4
P0AGM7	P0AGM7
P0AGM7	P75892
P11350	P11350
P11350	P0AF32
P15029	P15029
P15029	P06609
P15029	P15030
P16655	P16655
P23930	P23930
P27125	P27125
P27434	P27434
P30844	P30844
P30844	A0A0H2ZNH9
P30844	P9WGK5
P30844	P08400
P30844	Q82YZ0
P31135	P31135
P31466	P31466
P31466	P0AF52
P33231	P33231
P33231	Q46839
P33650	P33650
P37624	P37624
P39277	P39277
P39838	P39838
P46022	P46022
P69054	P69054
P69490	P69490
P75831	P75831
P76278	P76278
P76334	P76334
P76387	P76387
P76576	P76576
P77589	P77589
P77589	Q51955
Q45588	Q45588
O31774	O31774
O34521	O34521
O34521	P09323
O34521	P39816
O34521	P20166
O34521	P69786
P02919	P02919
P0A8H3	P0A8H3
P0A8H3	A0A0H3LM39
P0ABV2	P0ABV2
P0AEJ4	P0AEJ4
P0AEJ4	P0AE82
P0AEX7	P0AEX7
P0AF16	P0AF16
P0AFD4	P0AFD4
P0AFE8	P0AFE8
P0AFF0	P0AFF0
P0AFF2	P0AFF2
P0AFR2	P0AFR2
P0AG93	P0AG93
P0AGK1	P0AGK1
P0AGK1	Q96H96
P10905	P10905
P11557	P11557
P12946	P12946
P14377	P14377
P15993	P15993
P15993	P24207
P15993	P0AAE0
P15993	P27837
P15993	P25527
P15993	P46349
P15993	P25737
P16926	P16926
P19934	P19934
P20966	P20966
P20966	O31645
P20966	P54745
P21865	P21865
P21865	P9WGL3
P25714	P25714
P27243	P27243
P29018	P29018
P29131	P29131
P31553	P31553
P33226	P33226
P37002	P37002
P37484	P37484
P37653	P37653
P39301	P39301
O00629	O00629
O00629	O00505
O00629	P52294
O15105	O15105
O15105	O43541
O15350	O15350
O43396	O43396
O60285	O60285
O60479	O60479
O60516	O60516
O60516	Q13541
O60516	Q13542
O94992	O94992
O95376	O95376
O95644	O95644
O95644	Q13469
O95644	Q14934
P00441	P00441
P06400	P06400
P11473	P11473
P11473	O75469
P11473	Q14994
P14618	P14618
P19838	P19838
P19838	Q00653
P28065	P28065
P28065	P28072
P28065	P28074
P28065	P28062
P28065	A5LHX3
P47974	P47974
P49588	P49588
P49588	P00957
P50616	P50616
P54577	P54577
P55039	P55039
P55039	Q9Y295
P61599	P61599
P61599	Q9BSU3
P61599	P41227
P62380	P62380
P62861	P62861
Q03933	Q03933
Q06330	Q06330
Q06416	Q06416
Q06416	Q01860
Q06416	P09086
Q13112	Q13112
Q13620	Q13620
Q14872	Q14872
Q15649	Q15649
Q15915	Q15915
Q15915	O60481
Q15915	O95409
Q16526	Q16526
Q16526	Q49AN0
Q3YEC7	Q3YEC7
Q4AE62	Q4AE62
Q52LJ0	Q52LJ0
Q53EL6	Q53EL6
Q59H18	Q59H18
Q5HYK7	Q5HYK7
Q5VTB9	Q5VTB9
Q5VVJ2	Q5VVJ2
Q5VZV1	Q5VZV1
Q6IQ49	Q6IQ49
Q6PCT2	Q6PCT2
Q6PI77	Q6PI77
Q6PID8	Q6PID8
Q7LFL8	Q7LFL8
Q7Z4G1	Q7Z4G1
Q7Z7F0	Q7Z7F0
Q86T24	Q86T24
Q86VV4	Q86VV4
Q86VV4	Q9H6Z4
Q8IUH3	Q8IUH3
Q8IZD4	Q8IZD4
Q8N108	Q8N108
Q8N196	Q8N196
Q8N196	Q9UIU6
Q8N5U6	Q8N5U6
Q8N9I9	Q8N9I9
Q8TBZ3	Q8TBZ3
Q8TCB7	Q8TCB7
Q8TD19	Q8TD19
Q8WWM9	Q8WWM9
Q92750	Q92750
Q969P5	Q969P5
P0DJM0	P0DJM0
P12676	P12676
P12676	P22637
P15917	P15917
P71451	P71451
P9WIR7	P9WIR7
P9WIR7	P80069
Q51372	Q51372
Q5LT66	Q5LT66
Q5Y818	Q5Y818
Q72EC8	Q72EC8
Q83EK8	Q83EK8
Q8DG60	Q8DG60
Q8L172	Q8L172
Q8L172	Q848J2
Q8L172	Q8GJ27
Q8RLX0	Q8RLX0
Q8RLX0	Q8KDM7
Q8RLX0	Q939U1
Q8RLX0	O33434
Q9HU05	Q9HU05
Q9X6B0	Q9X6B0
Q9X6B0	Q5NGV7
P02924	P02924
P04957	P04957
P0AFK9	P0AFK9
P0AFK9	P31133
P31697	P31697
P46923	P46923
P46923	P33225
P46923	Q52675
P46923	Q57366
P46923	O87948
P46923	P18775
P0A908	P0A908
P0AFI5	P0AFI5
P0AFI5	P35150
P17315	P17315
P96740	P96740
P04816	P04816
P04816	P0AD96
P04816	P21175
P0AG82	P0AG82
P36560	P36560
P37387	P37387
P77747	P77747
P77747	P02931
P77747	P06996
P77747	A0A2S4MYF8
P77747	A0RZH5
P76773	P76773
Q02114	Q02114
P08331	P08331
P08750	P08750
P08750	P08506
P08750	P0AEB2
P08750	P39042
A0QR29	A0QR29
A6QIG2	A6QIG2
A6QIG2	Q53599
E1VBK1	E1VBK1
O33731	O33731
O54308	O54308
P00083	P00083
P00083	P00082
P00083	D5QVH0
P06279	P06279
P06279	P06278
P06279	P00692
P06279	P19571
P07497	P07497
P07497	P00115
P07497	P46445
P0A1V8	P0A1V8
P0A1V8	P13661
P0A3V1	P0A3V1
P15644	P15644
P24059	P24059
P26877	P26877
P26877	P26876
P26877	P0DUB8
P26877	P22088
P26877	P25275
P31746	P31746
P31746	P31835
P31746	P31797
P31746	P19531
P31746	P30921
P31746	P43379
P31746	P09121
P31746	P17692
P31746	P26827
P81238	P81238
P81238	Q9RQB9
P82594	P82594
P94449	P94449
Q53728	Q53728
Q81HT3	Q81HT3
Q81HT3	E0TW67
Q81HT3	Q04441
Q81HT3	Q03438
Q93LJ4	Q93LJ4
Q93LJ4	P42517
W5JXD7	W5JXD7
Q9RC92	Q9RC92
Q9S400	Q9S400
Q9S400	Q9R4E4
Q9X0C6	Q9X0C6
Q9X0C6	P60664
Q9XDM4	Q9XDM4
A0A0H2ZQL5	A0A0H2ZQL5
A0A0H2ZQL5	C0SPC1
D7URM0	D7URM0
D7URM0	Q9HTH8
D7URM0	Q92NF5
D7URM0	D7UNT2
H9L427	H9L427
H9L427	P0DTT0
L0T905	L0T905
P06150	P06150
P06150	P00344
P06150	P56511
P08159	P08159
P0A031	P0A031
P0A031	P17865
P0A031	P9WN95
P0A031	P0A9A6
P0A031	Q3BK72
P0DY93	P0DY93
P17086	P17086
P17086	P41020
P17086	P69996
P17086	P9WFF1
P25080	P25080
P27000	P27000
P27000	P04805
P31005	P31005
P41256	P41256
P42321	P42321
P42321	P29422
P42321	P21179
P43889	P43889
P43889	P0ACC7
P43889	Q97R46
P43889	P9WMN3
P45202	P45202
P45202	P0AAR3
P45370	P45370
P50216	P50216
P50216	P16100
P52154	P52154
P52154	P0AG30
P52154	Q03222
P52154	P9WHF3
P57793	P57793
P73270	P73270
P73722	P73722
P74721	P74721
P82974	P82974
P83221	P83221
P83221	Q26994
P83221	P52013
P83221	P80311
P83221	P0AFL3
P96112	P96112
P96112	P0A840
P9WF43	P9WF43
P9WF43	P9WF39
P9WF43	P9WF41
P9WFV7	P9WFV7
P9WFV7	P56206
P9WGI1	P9WGI1
P9WGI1	P00579
P9WGI1	P13445
P9WGI1	P45684
P9WGM3	P9WGM3
P9WHT9	P9WHT9
P9WHT9	Q53079
P9WJH7	P9WJH7
P9WJH7	P0A763
P9WK17	P9WK17
P9WK17	P37330
P9WK17	P42450
P9WN85	P9WN85
P9WN85	P0A9A9
P9WN85	P71086
P9WN85	P54479
P9WP23	P9WP23
P9WPA3	P9WPA3
P9WPB3	P9WPB3
P9WPB3	P9WPB5
P9WPB3	P0A9H7
Q01770	Q01770
Q01770	Q6WRT6
Q01770	P75825
Q02635	Q02635
Q1D3H3	Q1D3H3
Q4UU85	Q4UU85
Q61508	Q61508
Q5JNJ5	Q5JNJ5
Q867W1	Q867W1
P83958	P83958
P83958	P50694
P83958	P14170
Q6QX33	Q6QX33
Q6QX33	Q7T045
Q6QX33	Q4PRD1
Q6QX33	Q8AV97
Q6QX33	W5XCJ6
Q6QX33	D1MGU0
Q6QX33	O93426
Q6QX33	Q9DEA1
Q6QX33	Q4PRD2
Q6QX33	D1MGU1
Q6QX33	P23807
Q6QX33	Q8JGT6
Q6QX33	Q9YGG9
Q6QX33	P05451
Q6QX33	Q6UW15
A4LAR6	A4LAR6
P02741	P02741
P02741	Q9PTT2
P02741	Q07203
Q9SU40	Q9SU40
P14562	P14562
P14562	P11279
P14562	P13473
Q6UXK5	Q6UXK5
P02763	P02763
P21570	P21570
P21570	P31347
Q9QXU1	Q9QXU1
Q9QXU1	F0UZ12
Q9QXU1	P15399
Q5WPU9	Q5WPU9
Q5WPU9	Q06K53
Q95P08	Q95P08
Q95P08	Q8IFJ8
P81999	P81999
P81999	P08622
P81999	Q6RSN5
Q01151	Q01151
P02814	P02814
P02814	P13432
A1XCI9	A1XCI9
P19667	P19667
P19667	B2KNH9
P56972	P56972
P56972	P0C2F4
P56972	Q0GY40
P58912	P58912
Q8UUG2	Q8UUG2
P08899	P08899
P08899	P01248
P08899	P34746
P08899	P01242
P08899	P0DML3
P08899	P01241
P08899	P33093
B0CPC6	B0CPC6
P01538	P01538
P01538	P01543
P22297	P22297
P48747	P48747
P48747	P02748
Q7M438	Q7M438
Q8WML4	Q8WML4
Q12396	Q12396
Q12396	P43555
Q9VG55	Q9VG55
Q9H1M4	Q9H1M4
P13598	P13598
Q8VCS0	Q8VCS0
P67876	P67876
P67876	P00655
P00716	P00716
P00716	P00711
P00716	P00709
P00716	Q9TSN6
P00716	P61626
P00716	P00697
P00716	P67977
P00716	P04421
P00716	P61629
P00716	P00701
P00716	P11941
P00716	P00702
P00716	P00703
P00716	Q8IXA5
F7J1C8	F7J1C8
Q6X4U4	Q6X4U4
Q6X4U4	Q9BQB4
Q02809	Q02809
Q02809	P24802
P48765	P48765
P30040	P30040
P10279	P10279
P10279	P27177
P54660	P54660
P22455	P22455
Q03178	Q03178
Q6EER4	Q6EER4
Q6EER4	Q2YHJ7
Q6EER4	Q1ZY03
Q6EER4	A8CG90
Q6EER4	P14423
Q6EER4	C0HLL2
Q6EER4	P06859
Q6EER4	O57385
Q6EER4	Q6H3D5
Q6EER4	Q6H3D4
Q6EER4	P11407
Q6EER4	P82114
Q6EER4	Q2YHJ4
Q6EER4	P49121
Q6EER4	Q6H3D3
Q6EER4	B5U6Y4
Q6EER4	P80963
Q6EER4	P14424
Q6EER4	P70090
Q6EER4	P62023
Q6EER4	C0HKC2
Q6EER4	Q02471
Q6EER4	P34180
Q6EER4	Q98996
Q6EER4	B5U6Z2
Q6EER4	A8CG89
Q6EER4	A8CG82
Q6EER4	P08878
Q6EER4	Q2HZ28
Q6EER4	Q800C4
Q6EER4	P0CAS0
Q6EER4	P0CAR9
Q6EER4	P00593
Q6EER4	P23028
Q6EER4	Q6H3D6
Q6EER4	A8E2V8
Q6EER4	Q6H3C8
Q6EER4	Q6H3C7
Q6EER4	Q8AXY1
Q6EER4	P45881
Q6EER4	P00625
Q6EER4	G9I930
Q6EER4	P00615
P01889	P01889
P01889	P01899
P01889	P01901
P01889	Q95460
O09165	O09165
Q28989	Q28989
P00996	P00996
P00996	Q6UWN8
Q8SXL2	Q8SXL2
Q99372	Q99372
P02649	P02649
P02649	P18650
P02649	P18649
Q9PVW8	Q9PVW8
E6Y8S8	E6Y8S8
E6Y8S8	A0A161AT60
E6Y8S8	Q9XFS7
E6Y8S8	P07597
P80060	P80060
P50416	P50416
P51168	P51168
P51648	P51648
P51795	P51795
P51795	P51797
P52849	P52849
P56589	P56589
P56962	P56962
P56975	P56975
P57088	P57088
P57105	P57105
P58418	P58418
P58418	A0PK11
P61266	P61266
P61266	Q13277
P62952	P62952
P78383	P78383
P78508	P78508
P78508	B7U540
P78508	Q9NPI9
P78562	P78562
Q00325	Q00325
Q01362	Q01362
Q01718	Q01718
Q01718	P41968
Q01740	Q01740
Q01740	P49326
Q01740	Q99518
Q02094	Q02094
Q02094	Q9H310
Q02742	Q02742
Q06495	Q06495
Q07065	Q07065
Q07326	Q07326
Q12797	Q12797
Q13021	Q13021
Q13491	Q13491
Q13724	Q13724
Q14849	Q14849
Q14940	Q14940
Q14940	Q6AI14
Q14940	P19634
Q15070	Q15070
Q15125	Q15125
Q15836	Q15836
Q15836	O75379
Q16281	Q16281
Q16281	Q9NQW8
Q16563	Q16563
Q16563	Q8TBG9
Q16572	Q16572
Q16617	Q16617
Q16891	Q16891
Q3KR37	Q3KR37
Q3MUY2	Q3MUY2
Q3YBM2	Q3YBM2
Q496J9	Q496J9
Q53RT3	Q53RT3
Q58DX5	Q58DX5
Q5I7T1	Q5I7T1
Q5J8X5	Q5J8X5
Q5NUL3	Q5NUL3
Q5TAT6	Q5TAT6
Q5TGU0	Q5TGU0
Q5VTY9	Q5VTY9
Q5VWC8	Q5VWC8
Q5VZY2	Q5VZY2
Q5VZY2	O14495
Q5XKP0	Q5XKP0
Q687X5	Q687X5
Q6DN12	Q6DN12
Q6IA17	Q6IA17
Q6NUI2	Q6NUI2
Q6P4F1	Q6P4F1
Q6PIU2	Q6PIU2
Q6TCH7	Q6TCH7
Q6U736	Q6U736
Q6UVW9	Q6UVW9
Q6UVW9	Q07108
Q6UWF3	Q6UWF3
Q6UWP7	Q6UWP7
Q6UXN8	Q6UXN8
Q6V0L0	Q6V0L0
Q6XPS3	Q6XPS3
Q6ZMZ0	Q6ZMZ0
Q6ZNB7	Q6ZNB7
Q6ZNC8	Q6ZNC8
Q6ZPD8	Q6ZPD8
Q6ZS10	Q6ZS10
Q6ZWK4	Q6ZWK4
Q75V66	Q75V66
Q75V66	Q5XXA6
Q75V66	Q6IWH7
Q76EJ3	Q76EJ3
Q7Z403	Q7Z403
Q7Z418	Q7Z418
Q7Z419	Q7Z419
Q86SK9	Q86SK9
Q86VI4	Q86VI4
P01077	P01077
P06111	P06111
P0A402	P0A402
P0A402	O31127
P0A402	P31083
P0A402	Q9X7I4
P0A5Q5	P0A5Q5
P0A5Q5	P9WIN9
P39049	P39049
P84908	P84908
P9WIP1	P9WIP1
Q44642	Q44642
Q57449	Q57449
Q9Z4I3	Q9Z4I3
A4QFQ3	A4QFQ3
E1V825	E1V825
E1V825	A9ZM27
P17201	P17201
P33781	P33781
Q07408	Q07408
Q9LAB5	Q9LAB5
Q9RU24	Q9RU24
Q9RUE8	Q9RUE8
P43972	P43972
P44276	P44276
O06724	O06724
O31616	O31616
O31775	O31775
O34714	O34714
P00509	P00509
P00509	P04693
P00946	P00946
P04982	P04982
P05824	P05824
P06567	P06567
P06968	P06968
P07913	P07913
P08839	P08839
P08839	P37177
P0A6D0	P0A6D0
P0A6L0	P0A6L0
P0A6L0	Q9Y315
P0A6M4	P0A6M4
P0A6M4	Q8TEA8
P0A6Q6	P0A6Q6
P0A6U3	P0A6U3
P0A799	P0A799
P0A799	P36204
P0A7F9	P0A7F9
P0A7G2	P0A7G2
P0A7X6	P0A7X6
P0A832	P0A832
P0A884	P0A884
P0A884	P9WFR9
P0A8M3	P0A8M3
P0A8M3	A2RTX5
P0A8M6	P0A8M6
P0A8S9	P0A8S9
P0A8Y1	P0A8Y1
P0A948	P0A948
P0A993	P0A993
P0A993	Q59943
P0A998	P0A998
P0A9D2	P0A9D2
P0A9G8	P0A9G8
P0A9H3	P0A9H3
P0A9H3	P28629
P0A9J8	P0A9J8
P0A9K7	P0A9K7
P0A9K9	P0A9K9
P0A9M8	P0A9M8
P0A9N8	P0A9N8
P0A9Q5	P0A9Q5
P0A9W3	P0A9W3
P0A9W3	P9WQK3
P0A9W3	P43672
P0A9X9	P0A9X9
P0A9X9	P0A968
P0AC69	P0AC69
P0AE67	P0AE67
P0AE67	A0A0H3AMJ9
P0AE67	P13800
P0AEN8	P0AEN8
P0C0R7	P0C0R7
P0C0R7	Q9UET6
P12041	P12041
P12425	P12425
P12425	P9WN39
P12425	P0A1P6
P12425	P0A9C5
P12758	P12758
P13000	P13000
P13001	P13001
P13035	P13035
P17585	P17585
P18335	P18335
P18335	O30508
P18335	P40732
P18335	P23893
P18335	Q9APM5
P19669	P19669
P19669	P78055
P22259	P22259
P23721	P23721
P23872	P23872
P23872	P95125
P25519	P25519
P39604	P39604
P42971	P42971
P43671	P43671
P45562	P45562
P45562	P0AFF4
P54466	P54466
P56580	P56580
P60752	P60752
P60752	O06967
P60752	P26760
P60752	Q04473
P60752	Q9NUT2
P60752	P23886
P60752	P9WQJ9
P64606	P64606
P69425	P69425
P69801	P69801
P70997	P70997
P70997	P39793
P70997	A0A0H2ZMF9
P75908	P75908
P75908	P76236
P76264	P76264
P76272	P76272
P76474	P76474
P77335	P77335
P77529	P77529
Q47377	Q47377
Q7WY64	Q7WY64
O34798	O34798
P00550	P00550
P02920	P02920
P03819	P03819
P03961	P03961
P06136	P06136
P06972	P06972
P07117	P07117
P08395	P08395
P09391	P09391
P0A6J3	P0A6J3
P0A6M2	P0A6M2
P0A6W3	P0A6W3
P0A769	P0A769
P0A769	P49279
P0AA47	P0AA47
P0AA47	P76037
P0AA76	P0AA76
P0AAT4	P0AAT4
P0ABE5	P0ABE5
P0ABG7	P0ABG7
P0ABG7	P0ABG4
P0ABG7	P9WN99
P0ABJ3	P0ABJ3
P0ABJ6	P0ABJ6
P0AC98	P0AC98
P0AD99	P0AD99
P0ADV9	P0ADV9
P0AE24	P0AE24
P0AE24	P0AGF4
P0AE24	A0A0H2VG78
P0AEC3	P0AEC3
P0AF06	P0AF06
P0AFS9	P0AFS9
P0AGI1	P0AGI1
P13738	P13738
P31547	P31547
P32705	P32705
P37340	P37340
P37758	P37758
P37758	P10903
P39276	P39276
P39344	P39344
P39386	P39386
P39386	P0AEY8
P39396	P39396
P39414	P39414
P41036	P41036
P60955	P60955
P63183	P63183
P68183	P68183
P76577	P76577
Q46821	Q46821
O32131	O32131
O34349	O34349
P09348	P09348
P0A6H8	P0A6H8
P0A6S5	P0A6S5
P0A742	P0A742
P0A742	P9WJN5
P0A830	P0A830
P0A830	P21345
P0AAC6	P0AAC6
P0AAI3	P0AAI3
P0AAI3	Q96TA2
P0AAI3	Q9Y4W6
P0AAI3	P37476
P0AAI3	Q55700
P0AAI3	Q5SI82
P0AB58	P0AB58
P0ABC3	P0ABC3
P0ABG1	P0ABG1
P0ABN1	P0ABN1
P0ABN5	P0ABN5
P0ABN5	P0ABN9
P0AC75	P0AC75
P0ACV0	P0ACV0
P0ACV0	P24205
P0AD14	P0AD14
P16389	P16389
P16389	P48547
P16389	Q9NSA2
P16389	Q6PIU1
P17861	P17861
P21728	P21728
P21728	P35462
P21728	P50406
P21757	P21757
P21757	Q6ZMJ2
P22732	P22732
P22732	Q8TDB8
P23942	P23942
P25106	P25106
P25874	P25874
P27338	P27338
P27449	P27449
P30542	P30542
P30542	P0DMS8
P30542	P29275
P30968	P30968
P32239	P32239
P32246	P32246
P32246	P49238
P32246	Q9NPB9
P32246	P25025
P32246	P46094
P32246	P35414
P32970	P32970
P34995	P34995
P36021	P36021
P37059	P37059
P42658	P42658
P46059	P46059
P46089	P46089
P46089	Q92633
P46089	O95977
P46695	P46695
P47211	P47211
P47211	O43603
P47211	P41146
P47211	P41145
P47211	Q96P65
P47211	P25103
P47211	P29371
P47211	P25929
P47211	Q9Y5X5
P47211	P48039
P47211	Q99705
P47211	P31391
P47900	P47900
P47900	P49019
P47900	Q15077
P47900	Q8IYL9
P47900	Q9BXA5
P04067	P04067
P04067	P80036
P04067	P36911
P05149	P05149
P09787	P09787
P0A433	P0A433
P0A433	P0A434
P0C1C0	P0C1C0
P0C1C0	Q6CZT4
P0DXF4	P0DXF4
P11889	P11889
P13063	P13063
P13063	P13061
P13063	P18187
P13063	P12943
P13063	P31884
P13063	P69741
P13063	P21950
P13063	P69739
P13063	P31892
P13063	O33405
P13430	P13430
P15453	P15453
P15453	P0AGD1
P15453	P00446
P18126	P18126
P20041	P20041
P21697	P21697
P21697	W8FLH9
P21697	P04172
P21697	P22365
P21697	P22364
P21697	P80401
P21697	P19567
P21697	P04377
P21697	P04171
P31956	P31956
P31956	P06875
P35804	P35804
P45741	P45741
P86242	P86242
Q01578	Q01578
Q588Z1	Q588Z1
Q7AY50	Q7AY50
Q7AY50	Q934F8
Q82S91	Q82S91
Q9I589	Q9I589
Q9XD84	Q9XD84
O07921	O07921
O07921	P33665
P33136	P33136
P33136	P40120
Q02113	Q02113
P0A915	P0A915
P0ADU5	P0ADU5
P19406	P19406
P19406	P19405
P19406	P35483
P38683	P38683
Q47706	Q47706
P34210	P34210
P34210	P09169
P42111	P42111
P77269	P77269
P0A917	P0A917
P0A917	P25253
P0A917	P16454
P30130	P30130
P30130	P33129
A0A1Z4F647	A0A1Z4F647
B2FNJ0	B2FNJ0
B2FNJ0	P14212
P00106	P00106
P00106	P43302
P00106	P74917
P00144	P00144
P02906	P02906
P02906	P0AG78
P02906	P16700
P06597	P06597
P06597	Q46203
P06654	P06654
P0A432	P0A432
P0A432	P0A431
P0A432	P10549
P15321	P15321
P17989	P17989
P22340	P22340
P23030	P23030
P23030	P23031
P35811	P35811
P37726	P37726
P37726	P13794
P45354	P45354
P51529	P51529
P54700	P54700
P55929	P55929
P55929	P14532
P55929	P37197
P9WG65	P9WG65
Q47952	Q47952
O34213	O34213
O50319	O50319
P00120	P00120
P00120	P04032
P00807	P00807
P09888	P09888
P10425	P10425
P10425	P04190
P10425	O08498
P10425	P52699
P14529	P14529
Q5FTL6	Q5FTL6
Q5SIY4	Q5SIY4
Q5SIY4	P76251
Q5SIY4	Q51945
Q5SIY4	Q56268
Q5SIY4	P37412
Q5SIY4	P30125
Q609I3	Q609I3
Q609I3	Q2RNU4
Q609I3	B0RP51
Q609I3	P9WID7
Q609I3	Q9L1L8
Q609I3	O08333
Q7A1N5	Q7A1N5
Q7CQM5	Q7CQM5
Q7CQM5	B1MH84
Q7WG29	Q7WG29
Q7WG29	P63228
Q8KNP3	Q8KNP3
Q97NV3	Q97NV3
Q9JZG1	Q9JZG1
Q9JZG1	P15875
Q9S5G5	Q9S5G5
Q9WYW0	Q9WYW0
Q9WYW0	O07595
Q9WYW0	P9WGG3
Q9WYW0	A0R2N3
Q9WYW0	P0A2F2
Q9WYW0	P75960
Q9WZY3	Q9WZY3
Q9WZY3	P07623
Q9X1A5	Q9X1A5
T2G899	T2G899
V5XKC3	V5XKC3
W8X092	W8X092
A0A0H2WWV6	A0A0H2WWV6
A2RJT9	A2RJT9
B5XRB0	B5XRB0
B8GZM2	B8GZM2
B8GZM2	Q9A5I5
C4B644	C4B644
C4B644	Q06069
C4B644	P18326
C4B644	Q00441
C4B644	Q59971
I6Y1Q2	I6Y1Q2
O51076	O51076
O87198	O87198
P07112	P07112
P0A283	P0A283
P0A283	P69783
P0C7I4	P0C7I4
P0C7I4	P0A790
P0C7I4	P9WIL3
P0C7I4	A5U8S6
P0DKY4	P0DKY4
P14916	P14916
P24300	P24300
P34945	P34945
P34945	P49591
P34945	P0A8L1
P42445	P42445
P42445	P16971
P42445	P0A7G6
P42445	P0A452
P42455	P42455
P42455	P9WQB3
P46541	P46541
P54322	P54322
P54322	P25996
P72849	P72849
P73276	P73276
P75144	P75144
P80702	P80702
P9WIC1	P9WIC1
P9WKL5	P9WKL5
P9WNB1	P9WNB1
P9WP21	P9WP21
P9WPE9	P9WPE9
P9WPE9	P0C0Z7
P9WPE9	P0A6F5
P9WPE9	Q9KKF0
P9WPH9	P9WPH9
P9WPP9	P9WPP9
P9WQ73	P9WQ73
A0A1S7LCW6	A0A1S7LCW6
A0R2K8	A0R2K8
A0R5I3	A0R5I3
A0R5I3	A0R0H1
A5F5Y4	A5F5Y4
A6M9B7	A6M9B7
B7IE18	B7IE18
G3XCW3	G3XCW3
G4SW86	G4SW86
G4SW86	Q14739
G4WJD4	G4WJD4
I6YHB0	I6YHB0
O87953	O87953
P04739	P04739
P05431	P05431
P06008	P06008
P09192	P09192
P09192	P16033
P09192	P0A444
P09192	P0A446
P09192	Q8DIV4
P12691	P12691
P33639	P33639
P51131	P51131
P74714	P74714
P9WJV5	P9WJV5
Q09068	Q09068
Q2FV54	Q2FV54
Q2W8Q8	Q2W8Q8
Q2W8R5	Q2W8R5
Q56582	Q56582
Q59589	Q59589
Q7A1I3	Q7A1I3
Q7DB77	Q7DB77
Q8DR55	Q8DR55
Q8E8S0	Q8E8S0
Q8E919	Q8E919
Q8E919	P69380
Q8Y8Q5	Q8Y8Q5
Q8Y8Q5	P37278
Q8Y8Q5	P98194
Q9EYX5	Q9EYX5
Q9EYX5	P64423
Q9F7Y9	Q9F7Y9
Q9I310	Q9I310
Q9I310	Q9HYT3
Q9KJY8	Q9KJY8
Q9RFC8	Q9RFC8
Q9X3P3	Q9X3P3
V6F235	V6F235
V6F4W4	V6F4W4
V6F510	V6F510
A0A0H2V8B5	A0A0H2V8B5
A0A2T4VDM4	A0A2T4VDM4
A0LNN5	A0LNN5
A0QQF4	A0QQF4
A5F5X0	A5F5X0
D9N164	D9N164
E1WAC8	E1WAC8
I6X5W1	I6X5W1
K9UJK2	K9UJK2
O33272	O33272
O50333	O50333
P00845	P00845
P00845	P68699
P05425	P05425
P05425	O32219
P05425	O32220
P05425	P03960
P05425	P32113
P05425	Q3YW59
P05425	P37617
P05425	Q59385
P09190	P09190
P09190	P12238
P09193	P09193
P09779	P09779
P0A3W0	P0A3W0
P0A3W0	O50330
P0A4Q0	P0A4Q0
P0A925	P0A925
P0A925	P0A924
P0AC25	P0AC25
P0AC25	P0AC23
P0C0F7	P0C0F7
P13512	P13512
P13512	Q8IWU4
P18011	P18011
P18011	Q56019
P22905	P22905
P54582	P54582
P73183	P73183
P73183	P73429
P9WG27	P9WG27
P9WG27	O86308
P9WGK9	P9WGK9
P9WHS3	P9WHS3
P9WHW5	P9WHW5
P0AE16	P0AE16
P61088	P61088
P61088	P68036
P61088	Q969T4
P61088	P49427
Q01892	Q01892
Q04741	Q04741
Q04741	Q9BZM3
Q09161	Q09161
Q0PNE2	Q0PNE2
Q0VD86	Q0VD86
Q12967	Q12967
Q13117	Q13117
Q13117	Q9NR90
Q13117	Q92904
Q13117	Q86SG3
Q13117	Q9NQZ3
Q13309	Q13309
Q13769	Q13769
Q14140	Q14140
Q14493	Q14493
Q14738	Q14738
Q14995	Q14995
Q14CZ0	Q14CZ0
Q15319	Q15319
Q15319	Q01851
Q16629	Q16629
Q53QV2	Q53QV2
Q56P42	Q56P42
Q5H9R7	Q5H9R7
Q5TA45	Q5TA45
Q6ICB0	Q6ICB0
Q6P2D8	Q6P2D8
Q6PJG6	Q6PJG6
Q6RFH8	Q6RFH8
Q6RFH8	Q9UBX2
Q7RTU4	Q7RTU4
Q7Z3Z4	Q7Z3Z4
Q86TU7	Q86TU7
Q86UY6	Q86UY6
Q86W50	Q86W50
Q8IUQ4	Q8IUQ4
Q8IUQ4	O43255
Q8IYR2	Q8IYR2
Q8NFZ5	Q8NFZ5
Q8TCY9	Q8TCY9
Q8TE02	Q8TE02
Q8TF63	Q8TF63
Q8WUF5	Q8WUF5
Q8WUI4	Q8WUI4
Q92945	Q92945
Q96EK4	Q96EK4
Q96LD4	Q96LD4
Q96LI6	Q96LI6
Q96LI6	Q9UBD0
Q99576	Q99576
Q99593	Q99593
Q99729	Q99729
Q99729	O14979
Q99729	Q14103
Q99729	P09651
Q99729	Q96EP5
Q99836	Q99836
Q99966	Q99966
Q9BT23	Q9BT23
Q9BTC8	Q9BTC8
Q9BZG8	Q9BZG8
Q9BZZ5	Q9BZZ5
Q9GZS3	Q9GZS3
Q9GZT8	Q9GZT8
Q9GZZ1	Q9GZZ1
Q9H063	Q9H063
Q9H0A8	Q9H0A8
Q9H1B4	Q9H1B4
Q9H1B4	Q9GZY0
Q9H1B4	Q9H4D5
Q9H3K6	Q9H3K6
Q9H9A5	Q9H9A5
Q9HB71	Q9HB71
Q9NP71	Q9NP71
Q9NPJ8	Q9NPJ8
Q9NS73	Q9NS73
Q9NUK0	Q9NUK0
Q9NUK0	Q5VZF2
Q9NUK0	Q9NR56
Q9NW38	Q9NW38
Q9NWM0	Q9NWM0
Q9NWU2	Q9NWU2
Q9NWV8	Q9NWV8
Q9NWZ5	Q9NWZ5
Q9NX08	Q9NX08
Q9NX55	Q9NX55
Q9NYG5	Q9NYG5
Q9NYG5	P62877
Q9NYG5	Q9UBF6
Q9P0R6	Q9P0R6
Q9P127	Q9P127
Q9UGK8	Q9UGK8
Q9UH92	Q9UH92
Q9UHW5	Q9UHW5
Q9UK73	Q9UK73
Q9ULR3	Q9ULR3
Q86XL3	Q86XL3
Q86XQ3	Q86XQ3
Q86Y39	Q86Y39
Q86YT5	Q86YT5
Q86YT5	Q9UKG4
Q8IUC8	Q8IUC8
Q8IUC8	Q86SR1
Q8IUC8	Q8N4A0
Q8IUC8	Q8IXK2
Q8IUC8	Q8NCW6
Q8IVP5	Q8IVP5
Q8IWA4	Q8IWA4
Q8IXB3	Q8IXB3
Q8IXU6	Q8IXU6
Q8IY95	Q8IY95
Q8IZR5	Q8IZR5
Q8N1M1	Q8N1M1
Q8N2U9	Q8N2U9
Q8N695	Q8N695
Q8N6D2	Q8N6D2
Q8N6L0	Q8N6L0
Q8N6U8	Q8N6U8
Q8N9I5	Q8N9I5
Q8N9M5	Q8N9M5
Q8NAN2	Q8NAN2
Q8NB59	Q8NB59
Q8NBQ7	Q8NBQ7
Q8NBU5	Q8NBU5
Q8NBU5	P43686
Q8NBU5	P62333
Q8NBU5	P62195
Q8NBU5	P17980
Q8NCR0	Q8NCR0
Q8NDV1	Q8NDV1
Q8NDV1	Q969X2
Q8NFQ8	Q8NFQ8
Q8NHC4	Q8NHC4
Q8NHC4	O95047
Q8NHC4	P34982
Q8NHC4	Q96KK4
Q8NHH9	Q8NHH9
Q8TAX9	Q8TAX9
Q8TAZ6	Q8TAZ6
Q8TC36	Q8TC36
Q8TCQ1	Q8TCQ1
Q8TCU3	Q8TCU3
Q8TCU3	Q9UPY5
Q8TCU3	Q9UM01
Q8TCU3	Q92536
Q8TDI8	Q8TDI8
Q8TDU6	Q8TDU6
Q8TE99	Q8TE99
Q8TEY5	Q8TEY5
Q8WUM9	Q8WUM9
Q8WVP7	Q8WVP7
Q8WVZ7	Q8WVZ7
Q8WWG9	Q8WWG9
Q92504	Q92504
Q92685	Q92685
Q92982	Q92982
Q969E2	Q969E2
Q969E2	O15127
Q969S6	Q969S6
Q96A59	Q96A59
Q96AJ9	Q96AJ9
Q96AQ8	Q96AQ8
Q96B96	Q96B96
Q96CC6	Q96CC6
Q96D96	Q96D96
Q96E93	Q96E93
Q96EU7	Q96EU7
Q96FV3	Q96FV3
Q96FZ5	Q96FZ5
Q96GQ5	Q96GQ5
Q96GR4	Q96GR4
Q96GR4	Q9NXF8
Q96JF0	Q96JF0
Q96JJ6	Q96JJ6
Q96JX3	Q96JX3
Q96K12	Q96K12
Q96KR6	Q96KR6
Q96LT4	Q96LT4
Q96MV8	Q96MV8
Q96RJ3	Q96RJ3
Q96T53	Q96T53
Q99735	Q99735
Q99735	P20292
Q9BRK0	Q9BRK0
Q9BRR3	Q9BRR3
Q9BRV3	Q9BRV3
Q9BS91	Q9BS91
P17993	P17993
P19080	P19080
P21151	P21151
P21151	P14611
P21151	P45359
P21151	P76503
P21888	P21888
P25745	P25745
P26380	P26380
P26380	P69797
P28861	P28861
P32156	P32156
P33643	P33643
P39145	P39145
P39644	P39644
P45577	P45577
P46849	P46849
P68739	P68739
P68739	Q9X2H9
P69795	P69795
P75864	P75864
P75876	P75876
P75913	P75913
P76055	P76055
P76194	P76194
P76364	P76364
P76459	P76459
P77366	P77366
P77366	P71447
P77425	P77425
P94531	P94531
P94531	Q9XBQ3
P94531	A3DIH0
P97030	P97030
Q9KWZ1	Q9KWZ1
O34559	O34559
P00935	P00935
P00935	P9WGB7
P00935	P06721
P00959	P00959
P04036	P04036
P07363	P07363
P07464	P07464
P07639	P07639
P07862	P07862
P07862	P9WP31
P08373	P08373
P09158	P09158
P09158	Q5SK28
P09373	P09373
P09373	P42632
P0A6D7	P0A6D7
P0A6D7	P0A6E1
P0A6D7	P9WPY3
P0A6E4	P0A6E4
P0A6H5	P0A6H5
P0A6I0	P0A6I0
P0A6I0	P9WPA9
P0A6K6	P0A6K6
P0A6N8	P0A6N8
P0A6P1	P0A6P1
P0A6X3	P0A6X3
P0A6Y5	P0A6Y5
P0A705	P0A705
P0A707	P0A707
P0A796	P0A796
P0A796	Q2FXM8
P0A796	P00512
P0A796	P21777
P0A796	P80019
P0A7A9	P0A7A9
P0A7D4	P0A7D4
P0A7I4	P0A7I4
P0A850	P0A850
P0A8G9	P0A8G9
P0A8I1	P0A8I1
P0A8I8	P0A8I8
P0A9E5	P0A9E5
P0A9G4	P0A9G4
P0A9M2	P0A9M2
P0A9M2	P9WHQ9
P0AB91	P0AB91
P0ACZ4	P0ACZ4
P0ACZ4	P0AEL8
P0ADG4	P0ADG4
P0ADI4	P0ADI4
P0AF36	P0AF36
P0AGB6	P0AGB6
P0AGJ7	P0AGJ7
P0AGJ7	O31590
P0C0L2	P0C0L2
P11880	P11880
P12995	P12995
P12995	P53555
P12995	P9WQ81
P13799	P13799
P17952	P17952
P24171	P24171
P24232	P24232
P24232	P49852
P25437	P25437
P25534	P25534
P25534	P25535
P0AEC8	P0AEC8
P0AEE3	P0AEE3
P0AEE3	P39099
P0AEE3	P0C0V0
P0AEE3	O43464
P0AFC3	P0AFC3
P0AFE0	P0AFE0
P0AFX7	P0AFX7
P0AGC0	P0AGC0
P0DMC5	P0DMC5
P0DMC5	P0AEC5
P18200	P18200
P21458	P21458
P22729	P22729
P23890	P23890
P27303	P27303
P28246	P28246
P31069	P31069
P31119	P31119
P36837	P36837
P37019	P37019
P46136	P46136
P55734	P55734
P63235	P63235
P64604	P64604
P67444	P67444
P69423	P69423
P69428	P69428
P69831	P69831
P76330	P76330
P77173	P77173
P94363	P94363
P96589	P96589
Q02115	Q02115
Q06067	Q06067
Q45589	Q45589
A0A0H3GGY3	A0A0H3GGY3
A0A0K6IWT9	A0A0K6IWT9
A0A1C3NEV1	A0A1C3NEV1
A0QZ13	A0QZ13
A0QZ13	A0A0H3M5A8
B9KDD4	B9KDD4
B9KDD4	Q5HTX9
D0ZKX9	D0ZKX9
D0ZKX9	P0AEH1
D5AUZ9	D5AUZ9
F0T4D1	F0T4D1
F0T4D1	Q46222
O84947	O84947
O88037	O88037
P0A2G3	P0A2G3
P0A2G3	P0C0L7
P0DV46	P0DV46
P0DV48	P0DV48
P14319	P14319
P14319	P23895
P18012	P18012
P40709	P40709
P40709	P0AD27
P60063	P60063
P60063	P60061
P60063	P0AAE8
P60063	P0AAF1
P98002	P98002
P98002	P16262
P98002	P0ABI8
P9WFR5	P9WFR5
P9WJ67	P9WJ67
P9WNB3	P9WNB3
P9WQI9	P9WQI9
Q00516	Q00516
Q00517	Q00517
Q4PNI0	Q4PNI0
Q54795	Q54795
Q5XVM9	Q5XVM9
Q820A8	Q820A8
Q820A8	O34507
Q820A8	A0QNG1
Q820A8	Q04J43
Q820A8	Q8DNS0
Q820A8	Q97PA9
Q820A8	A6QGC0
Q88JK6	Q88JK6
Q88JK6	G3XD24
Q8E8P8	Q8E8P8
Q8ZPP5	Q8ZPP5
Q9HUG6	Q9HUG6
Q9RR45	Q9RR45
Q9RR45	P14176
Q9S5X0	Q9S5X0
Q9WZ31	Q9WZ31
A0A0H2V871	A0A0H2V871
A0A0H2ZQB9	A0A0H2ZQB9
A0A0H3GDH9	A0A0H3GDH9
A0A0H3GDH9	A0A3Q0NBH7
Q5FWE3	Q5FWE3
Q4V645	Q4V645
P07712	P07712
Q8WRY4	Q8WRY4
Q8WRY4	P60266
Q8WRY4	P01480
Q8WRY4	P01484
Q8WRY4	P17728
Q8WRY4	Q4TUA4
Q8WRY4	E7D082
Q8N6Q3	Q8N6Q3
P10673	P10673
P02870	P02870
P02870	Q70DJ5
P02870	Q41162
P02870	P16404
P02870	Q39529
P02870	P02866
P52706	P52706
P40199	P40199
B8AL97	B8AL97
B8AL97	Q04672
O95967	O95967
O95967	P23142
P45478	P45478
P04119	P04119
P04119	P02754
Q5XM24	Q5XM24
P06681	P06681
Q6T6T4	Q6T6T4
Q924B5	Q924B5
P26780	P26780
A0A2L0ART2	A0A2L0ART2
P14630	P14630
P31836	P31836
P06399	P06399
Q9H6E4	Q9H6E4
Q8N474	Q8N474
P20507	P20507
P60568	P60568
P13686	P13686
O60602	O60602
Q75WF2	Q75WF2
Q6UWM7	Q6UWM7
P01161	P01161
P02761	P02761
P02761	P81608
Q03405	Q03405
P42254	P42254
P42254	Q96X54
O75629	O75629
P82358	P82358
Q76CE8	Q76CE8
Q76CE8	Q76CE6
O61668	O61668
Q8WZI8	Q8WZI8
P15358	P15358
Q15768	Q15768
P35859	P35859
P35859	P35858
P32802	P32802
Q8N6C8	Q8N6C8
Q800Y2	Q800Y2
O54861	O54861
Q5MIW7	Q5MIW7
Q7M4T0	Q7M4T0
P50828	P50828
P50828	P20059
P10354	P10354
P01700	P01700
P01700	P01701
P01700	P01704
P01700	P01703
P01700	P01709
P01700	P01633
P01700	P01602
P01700	P01624
P01700	P01594
P01700	P04430
P01700	P06312
P01700	P01615
P01700	P01614
P01700	P01619
P01700	P80748
P01700	P01768
P01700	P01780
P01700	P01762
P01700	P01764
P01700	P01782
P01700	P23083
P01700	P01743
P01700	P01742
P01700	P01817
P01700	P01814
P30101	P30101
P30101	P27773
P30101	P04785
P30101	P05307
P30101	P09102
Q9EQX0	Q9EQX0
Q969V6	Q969V6
Q96A09	Q96A09
Q96EY9	Q96EY9
Q96HW7	Q96HW7
Q96IZ0	Q96IZ0
Q96LI5	Q96LI5
Q96LI5	Q9ULM6
Q99697	Q99697
Q99933	Q99933
Q9BRA0	Q9BRA0
Q9BYB4	Q9BYB4
Q9GZQ3	Q9GZQ3
Q9H0W9	Q9H0W9
Q9H503	Q9H503
Q9H5Z1	Q9H5Z1
Q9H6K1	Q9H6K1
Q9H7E2	Q9H7E2
Q9H808	Q9H808
Q9H832	Q9H832
Q9H9F9	Q9H9F9
Q9H9P5	Q9H9P5
Q9H9T3	Q9H9T3
Q9HCN4	Q9HCN4
Q9HD15	Q9HD15
Q9NPF4	Q9NPF4
Q9NPF4	P05852
Q9NR20	Q9NR20
Q9NR20	Q92630
Q9NR83	Q9NR83
Q9NR83	Q9H8N7
Q9NX04	Q9NX04
Q9NXR7	Q9NXR7
Q9UBI1	Q9UBI1
Q9UBS8	Q9UBS8
Q9UGI0	Q9UGI0
Q9UI26	Q9UI26
Q9UJY1	Q9UJY1
Q9UK76	Q9UK76
Q9UK76	Q9H910
Q9UKB1	Q9UKB1
Q9UKB1	Q9Y297
Q9UMW8	Q9UMW8
Q9UN79	Q9UN79
Q9UN79	P35712
Q9Y261	Q9Y261
Q9Y2V0	Q9Y2V0
Q9Y2Z0	Q9Y2Z0
Q9Y586	Q9Y586
Q9Y5U2	Q9Y5U2
Q9Y6P5	Q9Y6P5
A0AV96	A0AV96
A0AV96	Q9NQ94
A9YTQ3	A9YTQ3
A9YTQ3	P35869
O15205	O15205
O15304	O15304
O43765	O43765
O43918	O43918
O60869	O60869
O60870	O60870
O75626	O75626
O76054	O76054
O95400	O95400
O95817	O95817
O95989	O95989
O95997	O95997
O95997	Q9NZH5
P08047	P08047
P10275	P10275
P10914	P10914
P14921	P14921
P14921	P11308
P18146	P18146
P19784	P19784
P20248	P20248
P30085	P30085
P30085	P69441
P30085	P16304
P40306	P40306
P40306	Q99436
P42771	P42771
P42771	P55273
P48378	P48378
P49674	P49674
P49674	A5TY85
P49674	P9WI83
P49674	P9WI75
P49674	P9WI69
P49674	P9WI77
P49674	P9WI79
P49674	P9WI78
P49773	P49773
P51692	P51692
P51692	P42229
P51692	P42224
P51692	P40763
P51692	P42226
P51692	Q14765
P51692	P52630
P55060	P55060
P19926	P19926
P19926	P07102
P36655	P36655
P54507	P54507
P61316	P61316
P69776	P69776
P76342	P76342
P76344	P76344
P00805	P00805
P00805	P43843
P00805	P0CX78
P00805	P0CX77
P00805	P0CX79
P00805	P0CZ17
P00805	O68897
P00811	P00811
P00811	P24735
P00811	O05465
P06971	P06971
P0AAA9	P0AAA9
P0AEG6	P0AEG6
P18956	P18956
P23827	P23827
P23857	P23857
P31554	P31554
P32717	P32717
P39116	P39116
P39844	P39844
P39844	P39045
P54423	P54423
Q45071	Q45071
Q45071	P45796
P02930	P02930
P02943	P02943
P06129	P06129
P07024	P07024
P0ABK9	P0ABK9
P0ABK9	Q9S1E5
P0ABZ6	P0ABZ6
P0AD59	P0AD59
P0ADV1	P0ADV1
P0AGC3	P0AGC3
P21338	P21338
P31550	P31550
P33219	P33219
P76045	P76045
P77202	P77202
A0A0H2ZD27	A0A0H2ZD27
A0A0H2ZD27	P0DY66
A6QIG7	A6QIG7
P00733	P00733
P04635	P04635
P09616	P09616
P09616	P31715
P09616	O54082
P0C0J0	P0C0J0
P25006	P25006
P25006	P38501
P25006	Q06006
P32722	P32722
P40136	P40136
P81715	P81715
P81715	P80561
Q05819	Q05819
Q0PCD7	Q0PCD7
Q4VYA5	Q4VYA5
Q4VYA5	P76341
Q93MW7	Q93MW7
Q9HVD1	Q9HVD1
Q9L9Z9	Q9L9Z9
B2RIT0	B2RIT0
C5B164	C5B164
P0DXF5	P0DXF5
P10477	P10477
P20626	P20626
P29957	P29957
P9WIB9	P9WIB9
Q03035	Q03035
Q08IS0	Q08IS0
Q08IS0	D7A6E5
P27828	P27828
P30850	P30850
P31663	P31663
P31663	P9WIL5
P31992	P31992
P32131	P32131
P32169	P32169
P32177	P32177
P33911	P33911
P36929	P36929
P37188	P37188
P37306	P37306
P37522	P37522
P37570	P37570
P39406	P39406
P45424	P45424
P45748	P45748
P54512	P54512
P60720	P60720
P60720	P9WK83
P69791	P69791
P69922	P69922
P71021	P71021
P75682	P75682
P75862	P75862
P76407	P76407
P76562	P76562
P77434	P77434
P80244	P80244
P80244	P0A6G7
Q03224	Q03224
Q03224	P0A9C9
Q03224	P9WN21
Q46868	Q46868
O31618	O31618
O31618	P30139
O32215	O32215
O34327	O34327
O34327	Q00828
O34327	P71002
O34327	Q59HN8
O34530	O34530
O34530	P39286
O34777	O34777
P04391	P04391
P04391	P08308
P04391	Q837U7
P04391	Q9K4Y9
P06534	P06534
P06715	P06715
P07004	P07004
P07012	P07012
P07395	P07395
P0A6K1	P0A6K1
P0A6K1	D2Z026
P0A6R0	P0A6R0
P0A6R0	Q4URQ0
P0A6R0	O07600
P0A6R0	P0A3C5
P0A6R0	Q9ZBV4
P0A6R0	C0LNR0
P0A6R0	O34746
P0A6R0	P9WNG3
P0A6R0	P72392
P0A6R0	P20582
P0A6T1	P0A6T1
P0A6T3	P0A6T3
P0A722	P0A722
P0A731	P0A731
P0A7B5	P0A7B5
P0A7E5	P0A7E5
P0A7E5	Q9NRF8
P0A7Y0	P0A7Y0
P0A7Y0	Q9ZBQ7
P0A814	P0A814
P0A814	Q51424
P0A814	Q9RX75
P0A853	P0A853
P0A887	P0A887
P0A8F8	P0A8F8
P0A8P6	P0A8P6
P0A8P6	P0A8P8
P0A8V6	P0A8V6
P0A8Y8	P0A8Y8
P0A953	P0A953
P0A953	P9WQD9
P0A953	P9WQD7
P0A955	P0A955
P0A9J4	P0A9J4
P0A9X4	P0A9X4
P0ABD5	P0ABD5
P0ABS1	P0ABS1
P0ABY7	P0ABY7
P0AF90	P0AF90
P0AG86	P0AG86
P0AGB3	P0AGB3
P0AGJ9	P0AGJ9
P11458	P11458
P12295	P12295
P13039	P13039
P14900	P14900
P19624	P19624
P21499	P21499
P23908	P23908
P24224	P24224
P25397	P25397
P26602	P26602
P27859	P27859
Q9Y2B4	Q9Y2B4
Q9Y2M2	Q9Y2M2
Q9Y2W2	Q9Y2W2
Q9Y3V2	Q9Y3V2
Q9Y508	Q9Y508
Q9Y5Z7	Q9Y5Z7
Q9Y6K9	Q9Y6K9
A2RUB1	A2RUB1
O15151	O15151
O15198	O15198
O15198	Q15797
O15198	P84022
O15198	Q15796
O15198	Q99717
O15198	Q13485
O15287	O15287
O43809	O43809
O75832	O75832
O95149	O95149
O95273	O95273
O95628	O95628
O95863	O95863
O95863	O43623
P02533	P02533
P05388	P05388
P0CB47	P0CB47
P13631	P13631
P13631	P10276
P13631	P10826
P13631	Q13133
P13631	P11474
P13631	O95718
P13631	P10827
P13631	P37231
P13631	P43354
P13631	P19793
P13631	P48443
P13631	P28702
P13639	P13639
P25963	P25963
P25963	Q15653
P31944	P31944
P31944	P55212
P35226	P35226
P35520	P35520
P35638	P35638
P41218	P41218
P41218	Q16666
P49321	P49321
P49720	P49720
P50221	P50221
P50221	P31269
P51003	P51003
P52298	P52298
P52298	Q14011
P57059	P57059
P61960	P61960
P62312	P62312
P62312	P62306
P78545	P78545
Q01167	Q01167
Q01167	P85037
Q02556	Q02556
Q02556	Q15306
Q02556	Q00978
Q02556	Q13568
Q02556	O14896
Q04206	Q04206
Q13126	Q13126
Q13363	Q13363
Q13363	P37666
Q13363	P33160
Q14145	Q14145
Q14145	Q8IXQ5
Q147X3	Q147X3
Q15466	Q15466
Q16186	Q16186
Q2KHN1	Q2KHN1
Q32MZ4	Q32MZ4
Q3KRA9	Q3KRA9
Q56A73	Q56A73
Q5JUK2	Q5JUK2
Q5PRF9	Q5PRF9
Q5T2D3	Q5T2D3
Q5TAQ9	Q5TAQ9
Q6PRD7	Q6PRD7
Q6UUV7	Q6UUV7
Q6UUV7	Q53ET0
Q6UUV7	Q6UUV9
Q6W0C5	Q6W0C5
Q7RTS3	Q7RTS3
Q7Z3H4	Q7Z3H4
Q7Z628	Q7Z628
Q86UB2	Q86UB2
Q86V97	Q86V97
Q86V97	Q8WVZ9
Q8IUR7	Q8IUR7
Q8IWL8	Q8IWL8
Q8IY22	Q8IY22
Q8IYX4	Q8IYX4
Q8N1K5	Q8N1K5
Q8N1K5	Q5TEJ8
Q8N684	Q8N684
Q8NBA8	Q8NBA8
Q8WU90	Q8WU90
Q8WXI3	Q8WXI3
Q8WY54	Q8WY54
Q92748	Q92748
Q92985	Q92985
Q969S8	Q969S8
Q96AP4	Q96AP4
Q96BW1	Q96BW1
Q96DU7	Q96DU7
Q9BSA9	Q9BSA9
Q9BSJ5	Q9BSJ5
Q9BT67	Q9BT67
Q9BTD3	Q9BTD3
Q9BTX1	Q9BTX1
Q9BUB7	Q9BUB7
Q9BV23	Q9BV23
Q9BVA6	Q9BVA6
Q9BVI4	Q9BVI4
Q9BVX2	Q9BVX2
Q9BWM7	Q9BWM7
Q9BY10	Q9BY10
Q9BY78	Q9BY78
Q9BZV2	Q9BZV2
Q9BZV2	P41440
Q9BZW4	Q9BZW4
Q9GZM5	Q9GZM5
Q9GZY8	Q9GZY8
Q9H0C2	Q9H0C2
Q9H0C2	P16260
Q9H0C2	Q86VD7
Q9H0R3	Q9H0R3
Q9H172	Q9H172
Q9H244	Q9H244
Q9H252	Q9H252
Q9H252	Q8NCM2
Q9H2B4	Q9H2B4
Q9H2H9	Q9H2H9
Q9H2S6	Q9H2S6
Q9H2V7	Q9H2V7
Q9H3K2	Q9H3K2
Q9H3N8	Q9H3N8
Q9H3U5	Q9H3U5
Q9H427	Q9H427
Q9H6B9	Q9H6B9
Q9H741	Q9H741
Q9H8X9	Q9H8X9
Q9HAB3	Q9HAB3
Q9HBA0	Q9HBA0
Q9HBA0	Q8NER1
Q9HBA0	Q9NQA5
Q9HBI6	Q9HBI6
Q9HBY0	Q9HBY0
Q9HC24	Q9HC24
Q9HCJ1	Q9HCJ1
Q9HD23	Q9HD23
Q9NP91	Q9NP91
Q9NP91	P31645
Q9NP91	P48066
Q9NP91	Q9H2J7
Q9NP94	Q9NP94
Q9NPC1	Q9NPC1
Q9NQG6	Q9NQG6
Q9NQR9	Q9NQR9
Q9NRA2	Q9NRA2
Q9NRA2	Q9Y2C5
Q9NRX5	Q9NRX5
Q9NRX5	Q96SA4
Q9NTQ9	Q9NTQ9
Q9NTQ9	P36382
Q9NTQ9	Q9Y6H8
Q9NUE0	Q9NUE0
Q9NUM3	Q9NUM3
Q9NUN7	Q9NUN7
Q9NUQ2	Q9NUQ2
Q9NVI7	Q9NVI7
Q9NWW9	Q9NWW9
Q9NWW9	O95237
Q9NX14	Q9NX14
Q9NX52	Q9NX52
Q9NX95	Q9NX95
Q9NXG6	Q9NXG6
Q9NXI6	Q9NXI6
Q9NZ01	Q9NZ01
Q9NZD1	Q9NZD1
Q9P003	Q9P003
Q9P055	Q9P055
Q9P0I2	Q9P0I2
Q9P0S3	Q9P0S3
Q9P0S3	Q8N138
Q9P2W9	Q9P2W9
Q9UBN1	Q9UBN1
Q9UDX5	Q9UDX5
Q9UG56	Q9UG56
Q9UHI7	Q9UHI7
Q9UJS0	Q9UJS0
Q9UKR5	Q9UKR5
Q9ULQ1	Q9ULQ1
Q9ULY5	Q9ULY5
Q9UM21	Q9UM21
Q9UMX3	Q9UMX3
Q9UNA3	Q9UNA3
Q9UNP4	Q9UNP4
Q9UPX6	Q9UPX6
Q9Y225	Q9Y225
Q9Y226	Q9Y226
Q9Y226	Q86VW1
Q9Y226	Q8TCC7
Q9Y226	O15245
Q9Y226	Q4U2R8
Q9Y226	Q8N4F4
Q9Y227	Q9Y227
P30863	P30863
P30863	Q46857
P31057	P31057
P31057	P9WIL7
P31142	P31142
P31142	P27477
P32055	P32055
P32099	P32099
P32396	P32396
P33224	P33224
P33234	P33234
P33644	P33644
P33644	Q89ZI8
P33644	P84138
P37672	P37672
P37945	P37945
P37945	O31147
P37945	P0A9M0
P39115	P39115
P39639	P39639
P42641	P42641
P42641	P20964
P42641	B8GYI7
P64524	P64524
P64602	P64602
P64612	P64612
P76141	P76141
P76346	P76346
P77567	P77567
P77806	P77806
P94545	P94545
Q02169	Q02169
Q02169	P25536
Q02169	P0A729
Q46871	Q46871
Q46877	Q46877
O31612	O31612
O31612	P65774
O31612	P0A7B3
O31612	P9WHV7
O31678	O31678
O31749	O31749
O31749	Q97R83
O31749	P0A7E9
O34513	O34513
P00936	P00936
P00956	P00956
P00962	P00962
P04994	P04994
P05793	P05793
P07118	P07118
P07118	P96142
P08312	P08312
P09372	P09372
P0A6D3	P0A6D3
P0A6I6	P0A6I6
P0A6Q3	P0A6Q3
P0A6S7	P0A6S7
P0A6S7	P46919
P0A6U5	P0A6U5
P0A784	P0A784
P0A7H0	P0A7H0
P0A7Y4	P0A7Y4
P0A821	P0A821
P0A858	P0A858
P0A858	P9WG43
P0A858	P50921
P0A858	P56076
P0A858	P00943
P0A870	P0A870
P0A870	P37837
P0A873	P0A873
P0A890	P0A890
P0A898	P0A898
P0A8N0	P0A8N0
P0A8N3	P0A8N3
P0A8N3	P0A8N5
P0A8R0	P0A8R0
P0A951	P0A951
P0A959	P0A959
P0A9D8	P0A9D8
P0A9N4	P0A9N4
P0A9P4	P0A9P4
P0A9P4	P9WHH1
P0AA04	P0AA04
P0AA04	P07515
P0AA04	P08877
P0AAT6	P0AAT6
P0ACN7	P0ACN7
P0ACV6	P0ACV6
P0ADS2	P0ADS2
P0AE01	P0AE01
P0AE08	P0AE08
P0AE08	K0J4Q8
P0AE08	Q13162
P0AE08	P9WQB7
P0AEY5	P0AEY5
P0AGD7	P0AGD7
P0AGD7	P10121
P0C054	P0C054
P0C054	P0C058
P0CI74	P0CI74
P0DM85	P0DM85
P10908	P10908
P11071	P11071
P11071	P51067
P15034	P15034
P15373	P15373
P21693	P21693
P21693	Q9UMR2
P21693	Q9UHL0
P21693	P96614
P21693	P0A9P6
P21693	O00148
P21693	Q5T1V6
P21693	P25888
P21693	Q9BQ39
P21693	O15523
P21693	Q9UJV9
P21693	P42305
P21693	P0A8J8
P21693	P21507
P21693	P54475
A0A0R4I951	A0A0R4I951
Q9NQ25	Q9NQ25
Q9NQ25	Q9UIB8
Q64385	Q64385
Q64385	P08887
Q6TPK4	Q6TPK4
Q6IV20	Q6IV20
Q8N766	Q8N766
P21781	P21781
Q17128	Q17128
Q17128	B3EWG0
F2QXM5	F2QXM5
Q9BX74	Q9BX74
P01730	P01730
Q8C1Q4	Q8C1Q4
P13205	P13205
P13205	P16860
P01350	P01350
Q7M418	Q7M418
Q7M418	Q5KSB7
Q7M418	Q7M413
Q16568	Q16568
Q9Z0M9	Q9Z0M9
Q9Z0M9	O95998
P15018	P15018
P15018	P09056
P06727	P06727
P02229	P02229
P02229	P02226
P83326	P83326
P13087	P13087
P07098	P07098
P07098	Q3YBN2
P14091	P14091
P14091	P0DJD7
P14091	Q9N2D4
P14091	P0DJD9
P14091	Q9N2D2
P14091	P00794
P14091	P81498
P14091	P04073
P14091	P07267
P04276	P04276
P19427	P19427
P10820	P10820
P83371	P83371
P83371	P08125
Q9NRM6	Q9NRM6
Q9ES58	Q9ES58
P16150	P16150
P42660	P42660
G1CWH6	G1CWH6
G1CWH6	P86841
G1CWH6	G1CWH3
Q76FP5	Q76FP5
P29026	P29026
P29026	P29029
P67861	P67861
P67861	P15691
P98140	P98140
P98140	Q14520
Q86IV5	Q86IV5
O35314	O35314
P0DPU8	P0DPU8
P24855	P24855
P24855	P11936
M1MR49	M1MR49
P17813	P17813
Q8MMH3	Q8MMH3
P10124	P10124
Q8HYA9	Q8HYA9
Q15762	Q15762
O43866	O43866
Q05359	Q05359
Q05359	Q5I0E7
Q96I82	Q96I82
O60931	O60931
O76076	O76076
P58154	P58154
P18657	P18657
P14213	P14213
Q26377	Q26377
Q02747	Q02747
P05371	P05371
P83472	P83472
O01949	O01949
C0HJZ1	C0HJZ1
O70280	O70280
Q9Y653	Q9Y653
Q6UX46	Q6UX46
Q76IQ4	Q76IQ4
Q9UNE0	Q9UNE0
Q13651	Q13651
Q95JC9	Q95JC9
P49767	P49767
P54900	P54900
P08236	P08236
P11839	P11839
P11839	P02666
P11839	P05814
C0HKM3	C0HKM3
P02703	P02703
P28797	P28797
I1SB12	I1SB12
P22362	P22362
P05099	P05099
O54766	O54766
O54766	Q62005
Q6UWJ8	Q6UWJ8
P47710	P47710
P47710	P18626
Q02596	Q02596
Q02596	P80195
Q02596	P81447
Q60736	Q60736
Q60736	P04003
P29457	P29457
Q5ZPR3	Q5ZPR3
Q13433	Q13433
Q0P569	Q0P569
P08253	P08253
P08253	Q90611
P08253	P33436
P08253	P14780
Q965E2	Q965E2
P84809	P84809
P60615	P60615
P60615	P82935
P60615	Q8QGR0
P60615	C1IC49
P60615	P18329
P60615	P80958
P60615	C1IC47
P60615	P01379
P60615	P82662
P60615	P60304
P60615	Q53B58
P60615	P15818
P60615	Q45Z11
P60615	Q8JFX7
P60615	P62375
P60615	P0DKR6
P60615	U3FAE1
P31418	P31418
Q6ZSA7	Q6ZSA7
Q86LE5	Q86LE5
Q9XIV8	Q9XIV8
Q9XIV8	P00433
Q91XZ4	Q91XZ4
Q91XZ4	Q9UN67
P80747	P80747
P80747	P26011
D3Z9M3	D3Z9M3
P97535	P97535
P97535	P27657
P97535	Q64424
P97535	P11150
P97535	P06858
P97535	P11151
Q02862	Q02862
Q02862	P02663
Q99944	Q99944
Q9UK23	Q9UK23
P01297	P01297
P07982	P07982
P81058	P81058
C0HL65	C0HL65
C0HL65	Q7JZV0
Q10746	Q10746
Q10746	P10889
Q10746	P80162
Q10746	P09341
Q10746	P19876
Q10746	O55038
Q10746	Q07325
P80915	P80915
Q8MI35	Q8MI35
Q2ULM2	Q2ULM2
Q2ULM2	Q9HZQ8
Q96HE7	Q96HE7
P19035	P19035
Q9NYY1	Q9NYY1
Q9NYY1	Q9UHD0
P22748	P22748
P09791	P09791
P0C8E7	P0C8E7
Q9NS68	Q9NS68
P69241	P69241
P69241	P30230
P69241	C0HL83
O75711	O75711
Q8L5C6	Q8L5C6
Q10NX8	Q10NX8
Q3Y5Z3	Q3Y5Z3
Q3Y5Z3	Q60994
Q3Y5Z3	Q15848
Q3Y5Z3	P31722
Q3Y5Z3	P02746
Q3Y5Z3	Q9BXJ0
Q8WWA0	Q8WWA0
Q29422	Q29422
P01268	P01268
P01268	P01270
Q9PTC3	Q9PTC3
Q9PTC3	Q9I8P7
Q27908	Q27908
Q9NRC9	Q9NRC9
Q9NRC9	Q16674
A0A7E5WTY7	A0A7E5WTY7
Q9NL89	Q9NL89
P61312	P61312
P04639	P04639
P04639	P15497
P04639	P02647
Q7SCE9	Q7SCE9
P05186	P05186
P05186	P08289
P05186	P15693
P05186	P05187
P05186	P19111
P02701	P02701
H6U1I8	H6U1I8
P07727	P07727
P05366	P05366
P05366	P05367
P05366	P0DJI9
P05366	P0DJI8
P05366	P19707
P05366	P02739
P05366	P35541
P05366	P02740
P05366	P31532
P35334	P35334
Q8N441	Q8N441
Q9P121	Q9P121
Q9P121	Q62718
Q8BK48	Q8BK48
Q8BK48	Q04791
Q8BK48	P12337
Q8BK48	P16303
Q8BK48	P07692
Q8BK48	P06276
Q8BK48	Q8N0W4
Q8BK48	P35501
Q8BK48	P19835
Q8BK48	P22394
Q92583	Q92583
Q6UWV6	Q6UWV6
Q6UWV6	P84039
Q9Y279	Q9Y279
A9UHW6	A9UHW6
O14503	O14503
O15111	O15111
O15318	O15318
O43474	O43474
O43598	O43598
O60502	O60502
O75344	O75344
O75956	O75956
O76075	O76075
O94993	O94993
O95260	O95260
O95905	O95905
P04080	P04080
P05204	P05204
P05204	P05114
P0C870	P0C870
P13489	P13489
P15090	P15090
P15090	P29373
P17676	P17676
P20618	P20618
P25788	P25788
P25788	P25789
P25788	P25787
P25788	P60900
P25788	P25786
P25788	O14818
P25788	P28066
P30281	P30281
P31949	P31949
P42685	P42685
P42685	Q08881
P49842	P49842
P54845	P54845
O60636	O60636
O60636	P21926
O60636	P48509
O60636	P60033
O60636	O60635
O60741	O60741
O60831	O60831
O60909	O60909
O75072	O75072
O75396	O75396
O75503	O75503
O94876	O94876
O94901	O94901
O94923	O94923
O95139	O95139
O95169	O95169
O95298	O95298
O95415	O95415
O95427	O95427
O95470	O95470
O95528	O95528
O95674	O95674
O95807	O95807
O95907	O95907
O95907	Q6ZSM3
O95907	Q8NCK7
O96005	O96005
P00846	P00846
P01877	P01877
P02786	P02786
P03915	P03915
P03915	P33607
P03999	P03999
P04201	P04201
P06734	P06734
P08172	P08172
P09912	P09912
P10620	P10620
P13164	P13164
P13164	A6NNB3
